City,Restaurant ID,Restaurant Name,Order Time
Washington D.C.,f3c36bae-15aa-4766-99b7-6164730a5864,Thai Pad,
Washington D.C.,c7ca32fd-d6d2-4e68-8279-a590ddd6181f,Focaccia Sandwiches (Georgetown),
Washington D.C.,22b69cc3-1f14-4927-aafc-bb8c686fccbe,Italian Pizza Kitchen,
Washington D.C.,31c7f3c1-ba12-4594-bdbe-f358d419999a,Viet Chopsticks,
Washington D.C.,f3c36bae-15aa-4766-99b7-6164730a5864,Thai Pad,
Washington D.C.,257b11fc-5a49-438f-8c1e-d0e008269e6e,Heritage India,
Washington D.C.,9e50cefb-7e20-4a1b-9a68-739858eea704,Pete's New Haven Style Apizza,
Washington D.C.,e8ea89ed-a4db-4197-b796-f1fea2bbacb8,Little Beet (Mt. Vernon Square),
Washington D.C.,a90c3670-7c95-4a86-9854-86cda84287a0,The CakeRoom,
Boston,d780d26f-0e87-5859-9a2b-a8ef9be4e8ab,异国他湘 Hunan Cuisine - Chinatown,
Washington D.C.,59ccfe49-71d4-4f51-abbf-1d0415ba3f96,SEOULSPICE (Tenleytown),
Washington D.C.,f3c36bae-15aa-4766-99b7-6164730a5864,Thai Pad,
Washington D.C.,21d9a57e-edba-45d0-92ee-0fd09ebea0a6,Yosaku Japanese Restaurant (American University Park),
Washington D.C.,cc63ba71-6b14-442e-b4f8-abda8d826d88,Prescription Chicken (D.C.),
Washington D.C.,22b69cc3-1f14-4927-aafc-bb8c686fccbe,Italian Pizza Kitchen,
Washington D.C.,6d7accf6-da5e-4aea-aa30-73b4a44a5502,Poke Dojo (Bethesda Row),
Washington D.C.,b0727eae-58f0-4fb4-876f-928e845a7c34,Medium Rare,
Washington D.C.,4eaf5977-dbd5-418c-978d-638226d7244e,Mr. Chens Organic Chinese,
Washington D.C.,3736dfa3-b164-4d62-bd89-53ae46aeb045,El Tamarindo (Adams Morgan),
Washington D.C.,b92f71af-4c58-488e-865d-880c5c03396f,Focaccia Sandwiches (Tenleytown),
Washington D.C.,b84ef8aa-1d5d-4534-bd26-67e47ad481ec,Laliguras,
Washington D.C.,f3c36bae-15aa-4766-99b7-6164730a5864,Thai Pad,
Washington D.C.,22b69cc3-1f14-4927-aafc-bb8c686fccbe,Italian Pizza Kitchen,
Washington D.C.,e4e99632-c610-4835-abd3-e875df485e44,Mount Desert Island Ice Cream,
Washington D.C.,3736dfa3-b164-4d62-bd89-53ae46aeb045,El Tamarindo (Adams Morgan),
Washington D.C.,31c7f3c1-ba12-4594-bdbe-f358d419999a,Viet Chopsticks,
Washington D.C.,a90c3670-7c95-4a86-9854-86cda84287a0,The CakeRoom,
Washington D.C.,6d7accf6-da5e-4aea-aa30-73b4a44a5502,Poke Dojo (Bethesda Row),
Washington D.C.,7c409bfa-9905-4047-be0d-daab9d0862ea,Bandit Taco,
Washington D.C.,b92f71af-4c58-488e-865d-880c5c03396f,Focaccia Sandwiches (Tenleytown),
Washington D.C.,a6e34306-a7ce-43e0-8615-8fb25a1e8553,Aloha Poke Co (DuPont),
Washington D.C.,b84ef8aa-1d5d-4534-bd26-67e47ad481ec,Laliguras,
Washington D.C.,f3c36bae-15aa-4766-99b7-6164730a5864,Thai Pad,
Washington D.C.,6d7accf6-da5e-4aea-aa30-73b4a44a5502,Poke Dojo (Bethesda Row),
Washington D.C.,b50d0202-fb48-4f6f-9f77-73caf4246ce6,SOL Mexican Grill,
Washington D.C.,cc63ba71-6b14-442e-b4f8-abda8d826d88,Prescription Chicken (D.C.),
Washington D.C.,b84ef8aa-1d5d-4534-bd26-67e47ad481ec,Laliguras,
Washington D.C.,3736dfa3-b164-4d62-bd89-53ae46aeb045,El Tamarindo (Adams Morgan),
Washington D.C.,22b69cc3-1f14-4927-aafc-bb8c686fccbe,Italian Pizza Kitchen,
Washington D.C.,f3c36bae-15aa-4766-99b7-6164730a5864,Thai Pad,
Washington D.C.,1f558462-22f4-4c43-8f6f-bf7b88a3893e,Crisp and Juicy - Tenleytown,
Washington D.C.,3736dfa3-b164-4d62-bd89-53ae46aeb045,El Tamarindo (Adams Morgan),
Washington D.C.,22b69cc3-1f14-4927-aafc-bb8c686fccbe,Italian Pizza Kitchen,
Washington D.C.,d8834c0a-e674-4750-9594-ca79412cd64f,Jyoti Indian Cuisine,
Washington D.C.,f3c36bae-15aa-4766-99b7-6164730a5864,Thai Pad,
Washington D.C.,5d833a44-31dc-52eb-b568-faf6fbbd41f9,Safeway (5545 Connecticut Ave NW),
Washington D.C.,910cc907-00e7-425d-9a39-da66f1e45379,Rice Paddies Grill (Bethesda),
Washington D.C.,f3c36bae-15aa-4766-99b7-6164730a5864,Thai Pad,
Washington D.C.,31c7f3c1-ba12-4594-bdbe-f358d419999a,Viet Chopsticks,
Washington D.C.,56613893-cf80-4633-a6ff-8040c5020bb0,CHIKO (Bethesda),
Washington D.C.,6d7accf6-da5e-4aea-aa30-73b4a44a5502,Poke Dojo (Bethesda Row),
Washington D.C.,31c7f3c1-ba12-4594-bdbe-f358d419999a,Viet Chopsticks,
Washington D.C.,7c409bfa-9905-4047-be0d-daab9d0862ea,Bandit Taco,
Washington D.C.,22b69cc3-1f14-4927-aafc-bb8c686fccbe,Italian Pizza Kitchen,
Washington D.C.,3e78a8c7-e1f0-4da6-a61a-5272b4e71564,Hello Poke,
Washington D.C.,06dc54ec-cc56-4b50-a359-b542869df8bb,Wiseguy Pizza (Chinatown),
Washington D.C.,59ccfe49-71d4-4f51-abbf-1d0415ba3f96,SEOULSPICE (Tenleytown),
Washington D.C.,f3c36bae-15aa-4766-99b7-6164730a5864,Thai Pad,
Washington D.C.,31c7f3c1-ba12-4594-bdbe-f358d419999a,Viet Chopsticks,
Dallas,65cfab3a-3b8c-4d3d-b007-a84cf723de2c,Salsa Limón : Museo,
Washington D.C.,59ccfe49-71d4-4f51-abbf-1d0415ba3f96,SEOULSPICE (Tenleytown),
Washington D.C.,b84ef8aa-1d5d-4534-bd26-67e47ad481ec,Laliguras,
Washington D.C.,7c409bfa-9905-4047-be0d-daab9d0862ea,Bandit Taco,
Washington D.C.,59ccfe49-71d4-4f51-abbf-1d0415ba3f96,SEOULSPICE (Tenleytown),
Washington D.C.,22b69cc3-1f14-4927-aafc-bb8c686fccbe,Italian Pizza Kitchen,
Washington D.C.,1fb9bc8d-919e-5540-9b20-64bdce7ed530,Wow Bao (4461 Willard Ave),
Washington D.C.,0fdf1bb2-309b-4276-b69a-4f0a68a1a766,Masala Art (American University Park),
Washington D.C.,b50d0202-fb48-4f6f-9f77-73caf4246ce6,SOL Mexican Grill,
Washington D.C.,f3c36bae-15aa-4766-99b7-6164730a5864,Thai Pad,
Washington D.C.,59ccfe49-71d4-4f51-abbf-1d0415ba3f96,SEOULSPICE (Tenleytown),
Washington D.C.,2ee99244-2efa-4d9b-b510-d8abf80228f6,Roaming Rooster (Tenleytown),
Washington D.C.,f3c36bae-15aa-4766-99b7-6164730a5864,Thai Pad,
Washington D.C.,59ccfe49-71d4-4f51-abbf-1d0415ba3f96,SEOULSPICE (Tenleytown),
Washington D.C.,b84ef8aa-1d5d-4534-bd26-67e47ad481ec,Laliguras,
Washington D.C.,97a9bd1f-15bd-4181-84b8-c6deafebd5b1,Pitmasters Back Alley BBQ,
Washington D.C.,22b69cc3-1f14-4927-aafc-bb8c686fccbe,Italian Pizza Kitchen,
Washington D.C.,f3c36bae-15aa-4766-99b7-6164730a5864,Thai Pad,
Washington D.C.,545fb39a-cc55-4fb7-bfbb-9543254ee0f6,Acacia,
Washington D.C.,805ea552-02c1-40e6-bbc5-ac002286f10e,Shouk (K St.),
Washington D.C.,31c7f3c1-ba12-4594-bdbe-f358d419999a,Viet Chopsticks,
Washington D.C.,f3c36bae-15aa-4766-99b7-6164730a5864,Thai Pad,
Washington D.C.,1bb0e4b1-c1d4-4035-857a-91006d9a4946,Chercher Ethiopian Restaurant (Bethesda),
Washington D.C.,2f15f90b-5047-46ed-952b-ce7f1638f4d2,Just Wing It. (4922 Cordell Ave),
Washington D.C.,545fb39a-cc55-4fb7-bfbb-9543254ee0f6,Acacia,
Washington D.C.,59ccfe49-71d4-4f51-abbf-1d0415ba3f96,SEOULSPICE (Tenleytown),
Washington D.C.,f76d2ad3-9e51-4ce2-830a-39a1bb2fe495,Muncheez,
Washington D.C.,c18fd865-4df6-46d0-bd56-752869084f75,Z-Burger (Tenleytown),
Washington D.C.,b92f71af-4c58-488e-865d-880c5c03396f,Focaccia Sandwiches (Tenleytown),
Washington D.C.,59ccfe49-71d4-4f51-abbf-1d0415ba3f96,SEOULSPICE (Tenleytown),
Washington D.C.,a5b8c60b-9f9d-4d38-986b-cceb6092d001,Passion Fin (Bethesda),
Washington D.C.,f3c36bae-15aa-4766-99b7-6164730a5864,Thai Pad,
Louisville,0ecc25a5-e9e0-42aa-8331-27884b334a66,Galaxie,
Washington D.C.,31c7f3c1-ba12-4594-bdbe-f358d419999a,Viet Chopsticks,
Washington D.C.,22b69cc3-1f14-4927-aafc-bb8c686fccbe,Italian Pizza Kitchen,
Washington D.C.,31c7f3c1-ba12-4594-bdbe-f358d419999a,Viet Chopsticks,
Washington D.C.,21d9a57e-edba-45d0-92ee-0fd09ebea0a6,Yosaku Japanese Restaurant (American University Park),
Washington D.C.,99a95ea8-f28d-4009-a4b4-0d69bed051a0,Nando's Peri-Peri (4231 Wisconsin Ave. NW),
Washington D.C.,f87128ee-1b01-44b5-92be-c6a70e679a17,Shouk Rockville,
Washington D.C.,f3c36bae-15aa-4766-99b7-6164730a5864,Thai Pad,
Washington D.C.,6d7accf6-da5e-4aea-aa30-73b4a44a5502,Poke Dojo (Bethesda Row),
Washington D.C.,b84ef8aa-1d5d-4534-bd26-67e47ad481ec,Laliguras,
Washington D.C.,22b69cc3-1f14-4927-aafc-bb8c686fccbe,Italian Pizza Kitchen,
Washington D.C.,485e8bf0-823f-4cb3-b725-cde69420600d,Dumplings & Beyond,
Washington D.C.,59ccfe49-71d4-4f51-abbf-1d0415ba3f96,SEOULSPICE (Tenleytown),
Washington D.C.,e83a69f1-ed1a-42c9-b92b-4f91d819779c,District Taco (Tenleytown),
Washington D.C.,64cae5ff-15c6-482b-8a3e-b223c1676f78,Laredo DC,
Washington D.C.,85cd8e46-af42-4050-aa0e-6f92fd6f0153,Bread Furst (Cleveland Park),
Washington D.C.,b6ac74b6-e288-425e-9600-39e915c2bf68,Poki DC (L Street),
Washington D.C.,31c7f3c1-ba12-4594-bdbe-f358d419999a,Viet Chopsticks,
Washington D.C.,8e127420-edaf-4ef4-969f-88d02ab11e99,La Casita Pupuseria & Market (Silver Spring),
Washington D.C.,b84ef8aa-1d5d-4534-bd26-67e47ad481ec,Laliguras,
Washington D.C.,22b69cc3-1f14-4927-aafc-bb8c686fccbe,Italian Pizza Kitchen,
Washington D.C.,f76d2ad3-9e51-4ce2-830a-39a1bb2fe495,Muncheez,
Washington D.C.,31c7f3c1-ba12-4594-bdbe-f358d419999a,Viet Chopsticks,
Washington D.C.,9b7418f4-0df0-4458-8878-857180dbf749,sweetgreen (Glover Park),
"Asheville, NC",a371a529-96ae-463f-bba9-c6d37d720ec0,Shanghai Dumpling House,
Washington D.C.,af65a70b-a041-4882-9afa-53dac1150e0c,Banana Leaves Asian Restaurant & Sushi Bar,
Washington D.C.,661d86ae-0042-4170-a2d7-33f67105a625,Rito Loco,
Washington D.C.,a90c3670-7c95-4a86-9854-86cda84287a0,The CakeRoom,
Washington D.C.,f3c36bae-15aa-4766-99b7-6164730a5864,Thai Pad,
Washington D.C.,59ccfe49-71d4-4f51-abbf-1d0415ba3f96,SEOULSPICE (Tenleytown),
Washington D.C.,59ccfe49-71d4-4f51-abbf-1d0415ba3f96,SEOULSPICE (Tenleytown),
Washington D.C.,6d7accf6-da5e-4aea-aa30-73b4a44a5502,Poke Dojo (Bethesda Row),
Washington D.C.,9e50cefb-7e20-4a1b-9a68-739858eea704,Pete's New Haven Style Apizza,
Washington D.C.,99a95ea8-f28d-4009-a4b4-0d69bed051a0,Nando's Peri-Peri (4231 Wisconsin Ave. NW),
Washington D.C.,3e78a8c7-e1f0-4da6-a61a-5272b4e71564,Hello Poke,
Washington D.C.,b92f71af-4c58-488e-865d-880c5c03396f,Focaccia Sandwiches (Tenleytown),
Washington D.C.,31c7f3c1-ba12-4594-bdbe-f358d419999a,Viet Chopsticks,
Washington D.C.,9e50cefb-7e20-4a1b-9a68-739858eea704,Pete's New Haven Style Apizza,
Washington D.C.,46c53020-c90d-49cd-bca2-4e20dddf0b8f,HipCityVeg DuPont,
Washington D.C.,a90c3670-7c95-4a86-9854-86cda84287a0,The CakeRoom,
Washington D.C.,59ccfe49-71d4-4f51-abbf-1d0415ba3f96,SEOULSPICE (Tenleytown),
Washington D.C.,21d9a57e-edba-45d0-92ee-0fd09ebea0a6,Yosaku Japanese Restaurant (American University Park),
Washington D.C.,f3c36bae-15aa-4766-99b7-6164730a5864,Thai Pad,
Washington D.C.,b41380c9-a16b-4817-88e1-cc8952c93e4a,Cielo Rojo,
Washington D.C.,59ccfe49-71d4-4f51-abbf-1d0415ba3f96,SEOULSPICE (Tenleytown),
Washington D.C.,ce626f20-7d96-47e9-9987-2c398301f3a5,Zaytinya,
Washington D.C.,b84ef8aa-1d5d-4534-bd26-67e47ad481ec,Laliguras,
Washington D.C.,d021138e-e2bd-4931-b9da-a9cf3e3d558e,Poki DC & Gong Cha (14th St),
Washington D.C.,a0b0753e-47f9-4efb-84e9-a7ce93ccb642,Judy Restaurant,
Washington D.C.,59ccfe49-71d4-4f51-abbf-1d0415ba3f96,SEOULSPICE (Tenleytown),
Washington D.C.,e0ecef75-f559-449b-9535-a4cfbc24c982,Muncheez,
Washington D.C.,2f15f90b-5047-46ed-952b-ce7f1638f4d2,Just Wing It. (4922 Cordell Ave),
Washington D.C.,21d9a57e-edba-45d0-92ee-0fd09ebea0a6,Yosaku Japanese Restaurant (American University Park),
Washington D.C.,59ccfe49-71d4-4f51-abbf-1d0415ba3f96,SEOULSPICE (Tenleytown),
Washington D.C.,f3c36bae-15aa-4766-99b7-6164730a5864,Thai Pad,
Washington D.C.,b84ef8aa-1d5d-4534-bd26-67e47ad481ec,Laliguras,
Washington D.C.,24eeb0f9-9e1d-44e9-9532-8482f68dc1a8,Chipotle Mexican Grill (4301 Wisconsin Ave Nw Unit B),
Washington D.C.,e0ecef75-f559-449b-9535-a4cfbc24c982,Muncheez,
Washington D.C.,3736dfa3-b164-4d62-bd89-53ae46aeb045,El Tamarindo (Adams Morgan),
Washington D.C.,bf51e646-5a73-41c5-9584-3184e5092d6e,CAVA (3105 14th St NW),
Washington D.C.,d3ee22f1-58ba-46a8-a597-a747d81af0f3,TaKorean - Navy Yard,
Washington D.C.,21d9a57e-edba-45d0-92ee-0fd09ebea0a6,Yosaku Japanese Restaurant (American University Park),
Washington D.C.,b84ef8aa-1d5d-4534-bd26-67e47ad481ec,Laliguras,
Washington D.C.,485e8bf0-823f-4cb3-b725-cde69420600d,Dumplings & Beyond,
Washington D.C.,a90c3670-7c95-4a86-9854-86cda84287a0,The CakeRoom,
Washington D.C.,1bb0e4b1-c1d4-4035-857a-91006d9a4946,Chercher Ethiopian Restaurant (Bethesda),
Washington D.C.,8cfe07b0-353a-4df2-8818-90fd5ca77ba4,Taïm - Dupont Circle,
Washington D.C.,b84ef8aa-1d5d-4534-bd26-67e47ad481ec,Laliguras,
Washington D.C.,21d9a57e-edba-45d0-92ee-0fd09ebea0a6,Yosaku Japanese Restaurant (American University Park),
Washington D.C.,90ae28a7-f019-44c6-9267-c9fb86d4492c,Little Beast Bistro,
Washington D.C.,e0ecef75-f559-449b-9535-a4cfbc24c982,Muncheez,
Washington D.C.,485e8bf0-823f-4cb3-b725-cde69420600d,Dumplings & Beyond,
Washington D.C.,b84ef8aa-1d5d-4534-bd26-67e47ad481ec,Laliguras,
Washington D.C.,a90c3670-7c95-4a86-9854-86cda84287a0,The CakeRoom,
Washington D.C.,a90c3670-7c95-4a86-9854-86cda84287a0,The CakeRoom,
Washington D.C.,38dc21a1-963c-4d88-88e6-7a755e87ce91,Uptown Dough Factory,
Washington D.C.,805ea552-02c1-40e6-bbc5-ac002286f10e,Shouk (K St.),
Washington D.C.,09237a9b-a1f6-4f10-8b44-e7383ea4cc50,Poki D.C (Old Georgetown Road),
Washington D.C.,272afb90-e903-445a-902d-9573c13756aa,"Guapo's Restaurant - Tenleytown, Washington, DC",
Washington D.C.,f3c36bae-15aa-4766-99b7-6164730a5864,Thai Pad,
Washington D.C.,5426aec8-8331-46c7-8081-9c01139804e2,Fresh Med (Cleveland Park),
Washington D.C.,cc63ba71-6b14-442e-b4f8-abda8d826d88,Prescription Chicken (D.C.),
Washington D.C.,e83a69f1-ed1a-42c9-b92b-4f91d819779c,District Taco (Tenleytown),
Washington D.C.,e0ecef75-f559-449b-9535-a4cfbc24c982,Muncheez,
Washington D.C.,f57b1537-4ba8-460b-a235-e7e6ca8280c0,Fat Petes BBQ,
Washington D.C.,21d9a57e-edba-45d0-92ee-0fd09ebea0a6,Yosaku Japanese Restaurant (American University Park),
Washington D.C.,8d6f77c7-dfd8-4370-ad7a-bf1ff6fc2422,Robeks (4523 Wisconsin Ave NW),
Washington D.C.,6b6d6b64-03dd-43c2-8e16-39ff61765abc,Tropical Smoothie Cafe - Washington,
Washington D.C.,cc63ba71-6b14-442e-b4f8-abda8d826d88,Prescription Chicken (D.C.),
Washington D.C.,4eaf5977-dbd5-418c-978d-638226d7244e,Mr. Chens Organic Chinese,
Washington D.C.,e0b4ad3f-a5e4-4808-8184-de603f5e34ee,Happy Buddha: Viet Vegetarian and Vegan,
Washington D.C.,27344866-c56a-4563-9287-386ba69a5bec,PLNT Burger,
Washington D.C.,e246763c-1cc0-4b00-b26d-42525b6725df,Sushiko (Chevy Chase),
Washington D.C.,e0ecef75-f559-449b-9535-a4cfbc24c982,Muncheez,
Washington D.C.,b84ef8aa-1d5d-4534-bd26-67e47ad481ec,Laliguras,
Washington D.C.,e83a69f1-ed1a-42c9-b92b-4f91d819779c,District Taco (Tenleytown),
Washington D.C.,e0ecef75-f559-449b-9535-a4cfbc24c982,Muncheez,
Washington D.C.,9b7418f4-0df0-4458-8878-857180dbf749,sweetgreen (Glover Park),
Washington D.C.,89febde7-f669-415a-9766-e800d1de3cc3,Nicecream - Adams Morgan,
Washington D.C.,6d0a34ed-3e12-4596-afbc-1341fab0ee80,Tono Sushi (Woodley Park),
Washington D.C.,805ea552-02c1-40e6-bbc5-ac002286f10e,Shouk (K St.),
Washington D.C.,d8834c0a-e674-4750-9594-ca79412cd64f,Jyoti Indian Cuisine,
Washington D.C.,a6e34306-a7ce-43e0-8615-8fb25a1e8553,Aloha Poke Co (19th St),
Washington D.C.,6d0a34ed-3e12-4596-afbc-1341fab0ee80,Tono Sushi (Woodley Park),
Washington D.C.,29d53413-1f3b-48cc-ad82-19f2ca928f9a,Bethesda Bagels (Dupont Circle),
Washington D.C.,fcb3d274-1994-46ca-8b4b-536afa1a8b37,Astor Mediterranean,
Washington D.C.,e0ecef75-f559-449b-9535-a4cfbc24c982,Muncheez,
Washington D.C.,9131d2a4-b3e1-41ee-9d82-7f30f4b61f3f,Pho Anh Dao,
Washington D.C.,686f69bd-1b3c-466a-8bc2-75c006dbff91,Letena Ethiopian Restaurant,
Washington D.C.,d8834c0a-e674-4750-9594-ca79412cd64f,Jyoti Indian Cuisine,
Washington D.C.,e0ecef75-f559-449b-9535-a4cfbc24c982,Muncheez,
Washington D.C.,8da36ea8-bf39-4f68-9876-533a138d522e,Paisano's Pizza (1815 Wisconsin Ave NW),
Washington D.C.,e0ecef75-f559-449b-9535-a4cfbc24c982,Muncheez,
Washington D.C.,0c0d0a29-8da9-4d2c-839b-eddeab44613e,Sakana,
Washington D.C.,896edfa9-d80a-430a-89f3-681061295c9c,The Well Dressed Burrito,
Washington D.C.,805ea552-02c1-40e6-bbc5-ac002286f10e,Shouk (K St.),
Washington D.C.,a7a61bdf-3bbc-41ef-8b25-a8fb53915291,Bandit Taco,
Washington D.C.,d8834c0a-e674-4750-9594-ca79412cd64f,Jyoti Indian Cuisine,
Washington D.C.,19e393a1-ec28-4148-9141-e87b0a53352e,The Greek Spot,
Washington D.C.,e0ecef75-f559-449b-9535-a4cfbc24c982,Muncheez,
Washington D.C.,30425c98-93e9-4c9b-8d44-302c95fd87d8,Trattoria Al Volo,
Washington D.C.,257b11fc-5a49-438f-8c1e-d0e008269e6e,Heritage India,
Washington D.C.,30dfcfa8-1c28-4d0d-a8f7-d672e59cc371,Thaiphoon,
Washington D.C.,a90c3670-7c95-4a86-9854-86cda84287a0,The CakeRoom,
Washington D.C.,6403b726-3398-40ce-a616-165d2da2c32e,El Chucho (Columbia Heights),
Washington D.C.,e085c68b-4c41-4841-9a61-71416e053637,Pica Taco (3206 O St),
Washington D.C.,0c0d0a29-8da9-4d2c-839b-eddeab44613e,Sakana,
Washington D.C.,ecb9eea6-ee82-4cfb-b8f5-c568123ddbfb,Dukem Ethiopian Restaurant,
Washington D.C.,e0ecef75-f559-449b-9535-a4cfbc24c982,Muncheez,
Washington D.C.,a7a61bdf-3bbc-41ef-8b25-a8fb53915291,Bandit Taco,
Washington D.C.,e0ecef75-f559-449b-9535-a4cfbc24c982,Muncheez,
Washington D.C.,30dfcfa8-1c28-4d0d-a8f7-d672e59cc371,Thaiphoon,
Washington D.C.,898a363c-f060-4786-bc44-30cfab8719e9,Thai and Pho Bistro,
Washington D.C.,c64e17c7-9f28-478a-ae1a-8661fee88323,Buredo,
Washington D.C.,b084d0fa-4280-4ea4-afd5-a484e93c8642,Ice Cream Jubilee (Columbia Heights),
Washington D.C.,fcb3d274-1994-46ca-8b4b-536afa1a8b37,Astor Mediterranean,
Washington D.C.,5d098a61-0e57-4582-88ab-2a297331af96,Simply Banh Mi,
Washington D.C.,e0ecef75-f559-449b-9535-a4cfbc24c982,Muncheez,
Washington D.C.,6d0a34ed-3e12-4596-afbc-1341fab0ee80,Tono Sushi (Woodley Park),
Washington D.C.,e8c9d729-1b2c-4c97-8250-2246453b2425,Souvlaki (Dupont Circle),
Washington D.C.,d8834c0a-e674-4750-9594-ca79412cd64f,Jyoti Indian Cuisine,
Washington D.C.,a7a61bdf-3bbc-41ef-8b25-a8fb53915291,Bandit Taco,
Washington D.C.,f76d2ad3-9e51-4ce2-830a-39a1bb2fe495,Muncheez,
Washington D.C.,96392ecb-9f5b-4edf-9953-3a2b34da2055,Bua Thai Restaurant,
Washington D.C.,a6e34306-a7ce-43e0-8615-8fb25a1e8553,Aloha Poke Co (19th St),
Washington D.C.,a7a61bdf-3bbc-41ef-8b25-a8fb53915291,Bandit Taco,
Washington D.C.,cef70aa6-a202-407a-b2e0-8dd92e393e12,Ledo Pizza,
Washington D.C.,f76d2ad3-9e51-4ce2-830a-39a1bb2fe495,Muncheez,
Washington D.C.,8da36ea8-bf39-4f68-9876-533a138d522e,Paisano's Pizza (1815 Wisconsin Ave NW),
Washington D.C.,9bdd1239-5d8d-48cf-8f1a-1aca0fb1e095,Sol Mexican Grill,
Washington D.C.,d8834c0a-e674-4750-9594-ca79412cd64f,Jyoti Indian Cuisine,
Washington D.C.,5571697f-8281-4863-830a-4007852d092d,California Tortilla (Cleveland Park),
Washington D.C.,04a6bc4e-b276-4615-bc17-afb81834a9a6,McDonald's® (Adams Morgan),
Washington D.C.,e0ecef75-f559-449b-9535-a4cfbc24c982,Muncheez,
Washington D.C.,4f3cd24f-8db4-4c4b-918f-563b18588e0b,Pokeworks,
Washington D.C.,7c85b957-892c-422b-86dc-68707eca5ce1,Nando's PERi-PERi (2631 Connecticut Ave NW),
Washington D.C.,4f3cd24f-8db4-4c4b-918f-563b18588e0b,Pokeworks,
Washington D.C.,5239340b-fa3b-45d0-aa25-ea32a37bd195,Lei'd Poke Hawaiian,
Washington D.C.,e0ecef75-f559-449b-9535-a4cfbc24c982,Muncheez,
Washington D.C.,3330d773-c655-4490-95b1-e006bcddcde1,LEON,
Washington D.C.,4d3905d1-9b41-464a-99b4-10973901b13e,Yafa Grille (Dupont Circle),
Washington D.C.,3d0665a0-1359-4c4d-8e95-3568af1993c3,I-Thai,
Washington D.C.,4f3cd24f-8db4-4c4b-918f-563b18588e0b,Pokeworks,
Washington D.C.,6d0a34ed-3e12-4596-afbc-1341fab0ee80,Tono Sushi (Woodley Park),
Washington D.C.,f76d2ad3-9e51-4ce2-830a-39a1bb2fe495,Muncheez,
Washington D.C.,b84ef8aa-1d5d-4534-bd26-67e47ad481ec,Laliguras,
Washington D.C.,8da36ea8-bf39-4f68-9876-533a138d522e,Paisano's Pizza (1815 Wisconsin Ave NW),
Washington D.C.,8858e27e-1760-43b3-9f4d-1fe6f3bbed32,Thai Chef Street Food (Dupont Circle),
Washington D.C.,b907d314-d027-4044-9e90-843144b9d442,Tropical Smoothie Cafe - Shops of Avenir,
Washington D.C.,4f3cd24f-8db4-4c4b-918f-563b18588e0b,Pokeworks,
Washington D.C.,4f3cd24f-8db4-4c4b-918f-563b18588e0b,Pokeworks,
Washington D.C.,173e432f-15b2-45bf-b494-95b7a2964fe0,Thai Eatery,
Washington D.C.,b907d314-d027-4044-9e90-843144b9d442,Tropical Smoothie Cafe - Shops of Avenir,
Washington D.C.,5162a649-9769-43cf-9e1c-bfc23bf4dd61,naanwise indian cuisine,
Washington D.C.,5162a649-9769-43cf-9e1c-bfc23bf4dd61,naanwise indian cuisine,
Washington D.C.,af5124f5-55e9-470a-a9b5-78b0faf946f9,Mai Thai (Dupont Circle),
Washington D.C.,2e3b2e5c-1bdd-47d4-b9bd-e44bf0c983d2,Chicken + Whiskey (Logan Circle),
Washington D.C.,d45f4074-b92f-444d-aeb8-7d18946cedc4,sweetgreen (Mosaic),
Washington D.C.,b05b3eb6-42be-4987-abc2-eace7c016b2a,Poke It Up,
Washington D.C.,6d0a34ed-3e12-4596-afbc-1341fab0ee80,Tono Sushi (Woodley Park),
Washington D.C.,957da3f2-f1d6-49b7-9148-8d1b7bc2558d,Bibimix-Wilson Blvd,
Washington D.C.,87772b1d-d35a-45a3-ae9a-767e348feb9d,Mid Atlantic Seafood,
Washington D.C.,a7a61bdf-3bbc-41ef-8b25-a8fb53915291,Bandit Taco,
Washington D.C.,5ec63905-acde-469b-965a-d4dd23225ef2,sweetgreen (19th + L),
Washington D.C.,8c3e94f0-19c0-49ec-8f55-3f05ccc99869,Maiwand Grill (Adams Morgan),
Washington D.C.,ceedaea2-3c02-4f1d-8879-1588b872fbdd,Sweet Leaf,
Washington D.C.,df21dfae-147f-483f-835a-58eed6fedcaa,Jersey Mike's Subs (Vienna) 2672 C Avenir Place,
Washington D.C.,8d17709d-e576-4ec5-bb14-391e4e8dd1b4,KoChix Korean Chicken Wings,
Washington D.C.,af65a70b-a041-4882-9afa-53dac1150e0c,Banana Leaves Asian Restaurant & Sushi Bar,
Washington D.C.,3330d773-c655-4490-95b1-e006bcddcde1,LEON,
Washington D.C.,519aa63e-8284-4ce0-94ec-01d3e59f7414,Pollo Campero - Columbia Heights,
Washington D.C.,614521cf-0d39-44a5-b1f2-b88908322c03,Iron Chef House,
Washington D.C.,8502fc2e-7246-4419-9410-1417091186b0,Umi Japanese Cuisine,
Washington D.C.,519aa63e-8284-4ce0-94ec-01d3e59f7414,Pollo Campero - Columbia Heights,
Washington D.C.,db65553b-a28c-4daa-beaa-c4f47c21075b,Muncheez,
Washington D.C.,c63ddc38-2d73-4cdc-b281-078a9d77de18,Asia 54,
Washington D.C.,f3f40230-34d7-4eb3-bf65-78c45e62e5f6,Aloha Poke: Union Station,
Washington D.C.,b84ef8aa-1d5d-4534-bd26-67e47ad481ec,Laliguras,
Washington D.C.,b907d314-d027-4044-9e90-843144b9d442,Tropical Smoothie Cafe - Shops of Avenir,
Washington D.C.,5a1dfcda-97b9-4854-ae1f-48b2c4f57bb0,Donburi,
Washington D.C.,8d17709d-e576-4ec5-bb14-391e4e8dd1b4,KoChix Korean Chicken Wings,
Washington D.C.,3e83993e-325d-4efd-98a7-00148e339eea,Pizza Movers & Calzones,
Washington D.C.,6a62cbad-4c8d-4e95-b4e9-6965f9ff27c8,Sweetpeas Classic Soul Food,
Washington D.C.,8d17709d-e576-4ec5-bb14-391e4e8dd1b4,KoChix Korean Chicken Wings,
Washington D.C.,6a62cbad-4c8d-4e95-b4e9-6965f9ff27c8,Sweetpeas Classic Soul Food,
Washington D.C.,8da36ea8-bf39-4f68-9876-533a138d522e,Paisano's Pizza (1815 Wisconsin Ave NW Suite C),
Washington D.C.,ceedaea2-3c02-4f1d-8879-1588b872fbdd,Sweet Leaf,
Washington D.C.,a7a61bdf-3bbc-41ef-8b25-a8fb53915291,Bandit Taco,
Washington D.C.,29d2aba7-0c3b-49d9-a5f1-c6a5b2642971,Chop-N-Chicken (McLean),
Washington D.C.,a6e34306-a7ce-43e0-8615-8fb25a1e8553,Aloha Poke: DC,
Washington D.C.,f76d2ad3-9e51-4ce2-830a-39a1bb2fe495,Muncheez,
Washington D.C.,878b566e-8556-48c0-8821-568c618d281f,Church's Chicken (955 L'Enfant Plaza),
Washington D.C.,ecb9eea6-ee82-4cfb-b8f5-c568123ddbfb,Dukem Ethiopian Restaurant,
Washington D.C.,ceedaea2-3c02-4f1d-8879-1588b872fbdd,Sweet Leaf,
Washington D.C.,2f63dab8-cdf5-43db-8727-286af494ab78,Far East Taco Grille (Florida Ave),
Washington D.C.,f20555fd-43d7-498c-a632-ea09ab0963b3,Wings of Arlington,
Washington D.C.,2e3b2e5c-1bdd-47d4-b9bd-e44bf0c983d2,Chicken + Whiskey (Logan Circle),
Washington D.C.,2bb15e4f-7c92-4aba-b8f9-77a63b75d047,Popeyes Louisiana Kitchen,
Washington D.C.,8da36ea8-bf39-4f68-9876-533a138d522e,Paisano's Pizza (1815 Wisconsin Ave NW Suite C),
Washington D.C.,81f0df3d-c76e-4bab-a997-379eaea9b580,The Little Beet (Dupont Circle),
Washington D.C.,3330d773-c655-4490-95b1-e006bcddcde1,LEON,
Washington D.C.,2d58d5bf-95b0-4c55-95e1-a454b1913eb9,City Lights of China,
Washington D.C.,b907d314-d027-4044-9e90-843144b9d442,Tropical Smoothie Cafe (2672 Avenir Place),
Washington D.C.,db65553b-a28c-4daa-beaa-c4f47c21075b,Muncheez,
Washington D.C.,eb3ee22b-cf20-4205-8c6f-936043fda471,Hill Country,
Washington D.C.,b84ef8aa-1d5d-4534-bd26-67e47ad481ec,Laliguras,
Washington D.C.,35801198-cdf2-4ca4-9be5-710632381b3b,Tropical Smoothie Café (6110 Arlington Blvd),
Washington D.C.,81f0df3d-c76e-4bab-a997-379eaea9b580,The Little Beet (Dupont Circle),
Washington D.C.,2bb15e4f-7c92-4aba-b8f9-77a63b75d047,Popeyes Louisiana Kitchen,
Washington D.C.,ba1b4c26-b95e-4eca-a6f9-0e5b09d4fd37,Sprig and Sprout,
Washington D.C.,b84ef8aa-1d5d-4534-bd26-67e47ad481ec,Laliguras,
Washington D.C.,f76d2ad3-9e51-4ce2-830a-39a1bb2fe495,Muncheez,
Washington D.C.,8502fc2e-7246-4419-9410-1417091186b0,Umi Japanese Cuisine,
Washington D.C.,f76d2ad3-9e51-4ce2-830a-39a1bb2fe495,Muncheez,
Washington D.C.,6fafb91d-373d-4b62-a34d-b3e72f2290de,Milk Bar - Logan Circle,
Washington D.C.,ceedaea2-3c02-4f1d-8879-1588b872fbdd,Sweet Leaf,
Washington D.C.,8da36ea8-bf39-4f68-9876-533a138d522e,Paisano's Pizza (1815 Wisconsin Ave NW Suite C),
Washington D.C.,1ac87277-f7d2-4597-91bb-8796b125e2cf,Lost Dog Cafe (Fairfax),
Washington D.C.,71319225-0bdf-4928-ab09-013f4382ff5f,Panas,
Washington D.C.,0108549e-8179-4e86-a562-7c027a8db0ba,Zenebech Restaurant,
Washington D.C.,6d0a34ed-3e12-4596-afbc-1341fab0ee80,Tono Sushi (Woodley Park),
Washington D.C.,81f0df3d-c76e-4bab-a997-379eaea9b580,The Little Beet (Dupont Circle),
Washington D.C.,38ead7b0-9884-4f7d-b487-10f3356f707f,Super Chicken (Falls Church),
Washington D.C.,81f0df3d-c76e-4bab-a997-379eaea9b580,The Little Beet (Dupont Circle),
Washington D.C.,901f9240-bfae-4e72-80f0-f8f17599e723,Moe’s Southwest Grill (NoMa),
Washington D.C.,1e624ae8-d535-4f23-8cbc-f8166c112168,Dulcinea Bar and Grill (DC),
Washington D.C.,a59815ed-851d-4bbd-813b-66b9ef2b6248,Asia Nine,
Washington D.C.,113f8948-08d9-42e1-b1b5-09100315550f,Torai Sushi,
Washington D.C.,ccdd2b57-8f26-4797-a87b-70f04c7398ca,Sicilian Pizza (DC),
Washington D.C.,a59815ed-851d-4bbd-813b-66b9ef2b6248,Asia Nine,
Washington D.C.,8dee2fc5-e3a6-4154-90c4-4154152eebdf,Thai Chili,
Washington D.C.,2f63dab8-cdf5-43db-8727-286af494ab78,Far East Taco Grille (Florida Ave),
Washington D.C.,c2ad35b7-a86c-49be-b0f3-64bfc9c26a13,George's King of Falafel and Cheesesteak,
Washington D.C.,ea73d544-355c-4e16-8872-785e3b6c197b,District Rico,
Washington D.C.,e9357433-4313-43ef-9a82-dc18bf9c56df,Honeyfish Poke (K Street),
Washington D.C.,27287398-a50a-465d-a886-2bbeb13aacac,Jerry’s Carry Out,
Washington D.C.,81f0df3d-c76e-4bab-a997-379eaea9b580,The Little Beet,
Washington D.C.,861319a2-523a-4ae0-ba62-1fa3942d497b,Dupont Pizza (Dupont Circle),
Washington D.C.,901f9240-bfae-4e72-80f0-f8f17599e723,Moe’s Southwest Grill (NoMa),
Washington D.C.,ea73d544-355c-4e16-8872-785e3b6c197b,District Rico,
Washington D.C.,7181f848-7d9e-4ff7-8800-fcd85a1d0453,Wings To Go,
Washington D.C.,5b3de36e-972a-45fb-a13c-9910f950c84f,SEOULSPICE,
Washington D.C.,355ccfd0-4892-49c9-834c-f4ad8f1e5a95,Shawafel (H Street),
Washington D.C.,60e752de-24ef-4245-bbe7-321b3813f373,Roti Modern Mediterranean (Ballpark),
Washington D.C.,76158dd6-31e9-4be8-b05d-42f43ef1d91b,Quickway Hibachi (DC),
Washington D.C.,8dee2fc5-e3a6-4154-90c4-4154152eebdf,Thai Chili,
Washington D.C.,35fe8c90-3e12-4ec5-9725-722a1efc52dc,Lemon Cuisine of India,
Washington D.C.,54ec6989-4980-4a1f-8177-24ba7550c723,Captain Cookie & The Milkman,
Washington D.C.,28ac430b-a9e2-4204-a264-9146200a4591,Buredo (Dupont Circle),
Washington D.C.,5b3de36e-972a-45fb-a13c-9910f950c84f,SEOULSPICE,
Washington D.C.,49c88886-9f90-400f-9b3b-827c64893ec7,Tony Cheng's Restaurant,
Washington D.C.,2f63dab8-cdf5-43db-8727-286af494ab78,Far East Taco Grille (Florida Ave),
Washington D.C.,76158dd6-31e9-4be8-b05d-42f43ef1d91b,Quickway Hibachi (DC),
Washington D.C.,76158dd6-31e9-4be8-b05d-42f43ef1d91b,Quickway Hibachi (DC),
Washington D.C.,cf455eab-7dc8-4f1f-82b7-356c83fb4f18,Golden China,
Washington D.C.,2bb15e4f-7c92-4aba-b8f9-77a63b75d047,Popeyes Louisiana Kitchen,
Washington D.C.,d15e2b95-bf7c-41f3-a4e7-23578934dc6f,The Cookie Jar DC (18th St),
Washington D.C.,1c5d4eb1-9360-411f-b98c-c4dec59a8c61,Meat In A Box (Falls Church),
Washington D.C.,191b6808-82bc-4e21-ae75-3199c00b114b,Tara Temple,
Washington D.C.,21300bae-8ac1-4843-b7f1-50d1b1ee9580,Maneki Neko Express,
Washington D.C.,4023d745-d2ad-4ecd-816e-d6ca812409db,NKD Pizza (Arlington),
Washington D.C.,1c5d4eb1-9360-411f-b98c-c4dec59a8c61,Meat In A Box (Falls Church),
Washington D.C.,4bae3370-c3cb-450f-ab1b-31dd45d905b0,Gharer Khabar,
Washington D.C.,7cb786a0-6c08-4aa9-98e0-f0e0a1ace55a,Oklahoma Joe's BBQ,
Washington D.C.,38ead7b0-9884-4f7d-b487-10f3356f707f,Super Chicken (Falls Church),
San Francisco,71a6f210-5844-4a60-bdc0-88825f81ff44,North Beach Gyros,
Washington D.C.,e101626d-b0d8-415d-8e53-5ffa2c84a7ed,Super Pollo,
Washington D.C.,e101626d-b0d8-415d-8e53-5ffa2c84a7ed,Super Pollo,
Washington D.C.,e101626d-b0d8-415d-8e53-5ffa2c84a7ed,Super Pollo,
Washington D.C.,89d0a7ab-ad23-4580-a386-3a555b584b02,Halal Guys,
Washington D.C.,e101626d-b0d8-415d-8e53-5ffa2c84a7ed,Super Pollo,