Restaurant ID,Order ID,Order Time,Order Status,Item Name,Customizations,Special Instructions,Item Price,Order Price
f3c36bae-15aa-4766-99b7-6164730a5864,b66f31d5-5ca8-4634-9b22-3e0ef9ab981b,,COMPLETED,,,,,
f3c36bae-15aa-4766-99b7-6164730a5864,b66f31d5-5ca8-4634-9b22-3e0ef9ab981b,,COMPLETED,,,,,
f3c36bae-15aa-4766-99b7-6164730a5864,b66f31d5-5ca8-4634-9b22-3e0ef9ab981b,,COMPLETED,,,,,
c7ca32fd-d6d2-4e68-8279-a590ddd6181f,7d836e8e-d021-4dda-8f70-fa531b5f995e,,COMPLETED,,,,,
c7ca32fd-d6d2-4e68-8279-a590ddd6181f,7d836e8e-d021-4dda-8f70-fa531b5f995e,,COMPLETED,,,,,
22b69cc3-1f14-4927-aafc-bb8c686fccbe,2c767b33-dc03-4d1d-8096-987850aa60f5,,COMPLETED,,,,,
22b69cc3-1f14-4927-aafc-bb8c686fccbe,2c767b33-dc03-4d1d-8096-987850aa60f5,,COMPLETED,,,,,
31c7f3c1-ba12-4594-bdbe-f358d419999a,e3779892-cbc4-477e-9c43-68f9eaa12ea0,,COMPLETED,,,,,
31c7f3c1-ba12-4594-bdbe-f358d419999a,e3779892-cbc4-477e-9c43-68f9eaa12ea0,,COMPLETED,,,,,
31c7f3c1-ba12-4594-bdbe-f358d419999a,e3779892-cbc4-477e-9c43-68f9eaa12ea0,,COMPLETED,,,,,
f3c36bae-15aa-4766-99b7-6164730a5864,cf4c4a36-c661-45db-8103-07a6d039a8ad,,COMPLETED,,,,,
f3c36bae-15aa-4766-99b7-6164730a5864,cf4c4a36-c661-45db-8103-07a6d039a8ad,,COMPLETED,,,,,
257b11fc-5a49-438f-8c1e-d0e008269e6e,144bf4c5-737b-414c-96e8-a8cdd5067f13,,COMPLETED,,,,,
257b11fc-5a49-438f-8c1e-d0e008269e6e,144bf4c5-737b-414c-96e8-a8cdd5067f13,,COMPLETED,,,,,
257b11fc-5a49-438f-8c1e-d0e008269e6e,144bf4c5-737b-414c-96e8-a8cdd5067f13,,COMPLETED,,,,,
257b11fc-5a49-438f-8c1e-d0e008269e6e,144bf4c5-737b-414c-96e8-a8cdd5067f13,,COMPLETED,,,,,
257b11fc-5a49-438f-8c1e-d0e008269e6e,144bf4c5-737b-414c-96e8-a8cdd5067f13,,COMPLETED,,,,,
9e50cefb-7e20-4a1b-9a68-739858eea704,cba43999-30e3-49b8-bad3-ec8746afbd47,,COMPLETED,,,,,
9e50cefb-7e20-4a1b-9a68-739858eea704,cba43999-30e3-49b8-bad3-ec8746afbd47,,COMPLETED,,,,,
e8ea89ed-a4db-4197-b796-f1fea2bbacb8,b933eb2f-ea88-445e-bb64-eea32e9fd7cd,,COMPLETED,,,,,
e8ea89ed-a4db-4197-b796-f1fea2bbacb8,b933eb2f-ea88-445e-bb64-eea32e9fd7cd,,COMPLETED,,,,,
a90c3670-7c95-4a86-9854-86cda84287a0,a3433db6-6332-4e09-b0df-5f36954d70a0,,COMPLETED,,,,,
a90c3670-7c95-4a86-9854-86cda84287a0,a3433db6-6332-4e09-b0df-5f36954d70a0,,COMPLETED,,,,,
d780d26f-0e87-5859-9a2b-a8ef9be4e8ab,1314d588-17a6-4e9e-b0eb-1506064ebb15,,COMPLETED,,,,,
d780d26f-0e87-5859-9a2b-a8ef9be4e8ab,1314d588-17a6-4e9e-b0eb-1506064ebb15,,COMPLETED,,,,,
59ccfe49-71d4-4f51-abbf-1d0415ba3f96,159f5ad2-d370-44ab-8a07-fda2fe7b2f91,,COMPLETED,,,,,
59ccfe49-71d4-4f51-abbf-1d0415ba3f96,159f5ad2-d370-44ab-8a07-fda2fe7b2f91,,COMPLETED,,,,,
f3c36bae-15aa-4766-99b7-6164730a5864,4b4f8f74-aaf7-4f1c-846c-3599caa7f226,,COMPLETED,,,,,
f3c36bae-15aa-4766-99b7-6164730a5864,4b4f8f74-aaf7-4f1c-846c-3599caa7f226,,COMPLETED,,,,,
21d9a57e-edba-45d0-92ee-0fd09ebea0a6,bb3bdbbd-4bf8-41ef-aece-0fd2590a04de,,COMPLETED,,,,,
21d9a57e-edba-45d0-92ee-0fd09ebea0a6,bb3bdbbd-4bf8-41ef-aece-0fd2590a04de,,COMPLETED,,,,,
21d9a57e-edba-45d0-92ee-0fd09ebea0a6,bb3bdbbd-4bf8-41ef-aece-0fd2590a04de,,COMPLETED,,,,,
21d9a57e-edba-45d0-92ee-0fd09ebea0a6,bb3bdbbd-4bf8-41ef-aece-0fd2590a04de,,COMPLETED,,,,,
21d9a57e-edba-45d0-92ee-0fd09ebea0a6,bb3bdbbd-4bf8-41ef-aece-0fd2590a04de,,COMPLETED,,,,,
cc63ba71-6b14-442e-b4f8-abda8d826d88,8a11be94-6c3f-44cf-9d39-a9da2aa8f7b9,,COMPLETED,,,,,
cc63ba71-6b14-442e-b4f8-abda8d826d88,8a11be94-6c3f-44cf-9d39-a9da2aa8f7b9,,COMPLETED,,,,,
22b69cc3-1f14-4927-aafc-bb8c686fccbe,df69ee00-1c6c-40c5-949a-47483b543632,,COMPLETED,,,,,
22b69cc3-1f14-4927-aafc-bb8c686fccbe,df69ee00-1c6c-40c5-949a-47483b543632,,COMPLETED,,,,,
6d7accf6-da5e-4aea-aa30-73b4a44a5502,05fe52a8-b340-48d2-8e71-b75446c45cce,,COMPLETED,,,,,
6d7accf6-da5e-4aea-aa30-73b4a44a5502,05fe52a8-b340-48d2-8e71-b75446c45cce,,COMPLETED,,,,,
b0727eae-58f0-4fb4-876f-928e845a7c34,1f5cb6d5-c0a3-47b8-a25e-37457328aa06,,COMPLETED,,,,,
4eaf5977-dbd5-418c-978d-638226d7244e,1186618b-4d6e-44ac-bcb4-1a28520f01c2,,COMPLETED,,,,,
4eaf5977-dbd5-418c-978d-638226d7244e,1186618b-4d6e-44ac-bcb4-1a28520f01c2,,COMPLETED,,,,,
3736dfa3-b164-4d62-bd89-53ae46aeb045,e856c580-513f-4710-94dd-bc88adbc6c8a,,COMPLETED,,,,,
3736dfa3-b164-4d62-bd89-53ae46aeb045,e856c580-513f-4710-94dd-bc88adbc6c8a,,COMPLETED,,,,,
3736dfa3-b164-4d62-bd89-53ae46aeb045,e856c580-513f-4710-94dd-bc88adbc6c8a,,COMPLETED,,,,,
b92f71af-4c58-488e-865d-880c5c03396f,d799b7e6-83fb-4025-939c-0e9889259cac,,COMPLETED,,,,,
b92f71af-4c58-488e-865d-880c5c03396f,d799b7e6-83fb-4025-939c-0e9889259cac,,COMPLETED,,,,,
b84ef8aa-1d5d-4534-bd26-67e47ad481ec,e728f94f-20c6-4d3f-9511-c881be1be435,,COMPLETED,,,,,
b84ef8aa-1d5d-4534-bd26-67e47ad481ec,e728f94f-20c6-4d3f-9511-c881be1be435,,COMPLETED,,,,,
b84ef8aa-1d5d-4534-bd26-67e47ad481ec,e728f94f-20c6-4d3f-9511-c881be1be435,,COMPLETED,,,,,
b84ef8aa-1d5d-4534-bd26-67e47ad481ec,e728f94f-20c6-4d3f-9511-c881be1be435,,COMPLETED,,,,,
f3c36bae-15aa-4766-99b7-6164730a5864,22dec3f9-3bc1-4afb-9fd3-ef5e2e6cdf61,,COMPLETED,,,,,
f3c36bae-15aa-4766-99b7-6164730a5864,22dec3f9-3bc1-4afb-9fd3-ef5e2e6cdf61,,COMPLETED,,,,,
f3c36bae-15aa-4766-99b7-6164730a5864,22dec3f9-3bc1-4afb-9fd3-ef5e2e6cdf61,,COMPLETED,,,,,
f3c36bae-15aa-4766-99b7-6164730a5864,22dec3f9-3bc1-4afb-9fd3-ef5e2e6cdf61,,COMPLETED,,,,,
f3c36bae-15aa-4766-99b7-6164730a5864,22dec3f9-3bc1-4afb-9fd3-ef5e2e6cdf61,,COMPLETED,,,,,
22b69cc3-1f14-4927-aafc-bb8c686fccbe,333558a9-7558-44d5-ba2c-5b055fee66b0,,COMPLETED,,,,,
22b69cc3-1f14-4927-aafc-bb8c686fccbe,333558a9-7558-44d5-ba2c-5b055fee66b0,,COMPLETED,,,,,
e4e99632-c610-4835-abd3-e875df485e44,15646d83-e9c6-4fd5-9a0f-8abd55d74ed5,,COMPLETED,,,,,
e4e99632-c610-4835-abd3-e875df485e44,15646d83-e9c6-4fd5-9a0f-8abd55d74ed5,,COMPLETED,,,,,
3736dfa3-b164-4d62-bd89-53ae46aeb045,b33fafe1-704b-46e0-a4bd-328e57ec0632,,COMPLETED,,,,,
3736dfa3-b164-4d62-bd89-53ae46aeb045,b33fafe1-704b-46e0-a4bd-328e57ec0632,,COMPLETED,,,,,
3736dfa3-b164-4d62-bd89-53ae46aeb045,b33fafe1-704b-46e0-a4bd-328e57ec0632,,COMPLETED,,,,,
31c7f3c1-ba12-4594-bdbe-f358d419999a,1b5bd651-c91a-4b0b-ab7a-29c2ccee4af0,,COMPLETED,,,,,
31c7f3c1-ba12-4594-bdbe-f358d419999a,1b5bd651-c91a-4b0b-ab7a-29c2ccee4af0,,COMPLETED,,,,,
31c7f3c1-ba12-4594-bdbe-f358d419999a,1b5bd651-c91a-4b0b-ab7a-29c2ccee4af0,,COMPLETED,,,,,
a90c3670-7c95-4a86-9854-86cda84287a0,69b8e09c-35ff-4b14-9fce-d2f40a0d3485,,COMPLETED,,,,,
a90c3670-7c95-4a86-9854-86cda84287a0,69b8e09c-35ff-4b14-9fce-d2f40a0d3485,,COMPLETED,,,,,
6d7accf6-da5e-4aea-aa30-73b4a44a5502,c2c2bb25-4f5a-436d-bedf-0cf1a83a3f36,,COMPLETED,,,,,
7c409bfa-9905-4047-be0d-daab9d0862ea,21af2f5c-9ee0-4bfd-b3c6-9d634bd6192a,,COMPLETED,,,,,
7c409bfa-9905-4047-be0d-daab9d0862ea,21af2f5c-9ee0-4bfd-b3c6-9d634bd6192a,,COMPLETED,,,,,
7c409bfa-9905-4047-be0d-daab9d0862ea,21af2f5c-9ee0-4bfd-b3c6-9d634bd6192a,,COMPLETED,,,,,
7c409bfa-9905-4047-be0d-daab9d0862ea,21af2f5c-9ee0-4bfd-b3c6-9d634bd6192a,,COMPLETED,,,,,
7c409bfa-9905-4047-be0d-daab9d0862ea,21af2f5c-9ee0-4bfd-b3c6-9d634bd6192a,,COMPLETED,,,,,
b92f71af-4c58-488e-865d-880c5c03396f,496c44e5-25c7-47f8-995e-ec19d596aa4d,,COMPLETED,,,,,
a6e34306-a7ce-43e0-8615-8fb25a1e8553,9de5a59a-d735-4100-86a7-5530d61249e9,,COMPLETED,,,,,
b84ef8aa-1d5d-4534-bd26-67e47ad481ec,c4edf6e5-ce8b-478e-a381-17495df4d8c7,,COMPLETED,,,,,
b84ef8aa-1d5d-4534-bd26-67e47ad481ec,c4edf6e5-ce8b-478e-a381-17495df4d8c7,,COMPLETED,,,,,
b84ef8aa-1d5d-4534-bd26-67e47ad481ec,c4edf6e5-ce8b-478e-a381-17495df4d8c7,,COMPLETED,,,,,
b84ef8aa-1d5d-4534-bd26-67e47ad481ec,c4edf6e5-ce8b-478e-a381-17495df4d8c7,,COMPLETED,,,,,
b84ef8aa-1d5d-4534-bd26-67e47ad481ec,c4edf6e5-ce8b-478e-a381-17495df4d8c7,,COMPLETED,,,,,
b84ef8aa-1d5d-4534-bd26-67e47ad481ec,c4edf6e5-ce8b-478e-a381-17495df4d8c7,,COMPLETED,,,,,
f3c36bae-15aa-4766-99b7-6164730a5864,1805efad-bf87-48a8-bac7-d0048fbe66a6,,COMPLETED,,,,,
f3c36bae-15aa-4766-99b7-6164730a5864,1805efad-bf87-48a8-bac7-d0048fbe66a6,,COMPLETED,,,,,
6d7accf6-da5e-4aea-aa30-73b4a44a5502,fef32dc6-7126-4659-b752-71fcb3ef2847,,COMPLETED,,,,,
6d7accf6-da5e-4aea-aa30-73b4a44a5502,fef32dc6-7126-4659-b752-71fcb3ef2847,,COMPLETED,,,,,
b50d0202-fb48-4f6f-9f77-73caf4246ce6,d1ccffb0-5bd4-488e-8120-e7f84af840fd,,COMPLETED,,,,,
b50d0202-fb48-4f6f-9f77-73caf4246ce6,d1ccffb0-5bd4-488e-8120-e7f84af840fd,,COMPLETED,,,,,
cc63ba71-6b14-442e-b4f8-abda8d826d88,3137fc8a-2b9e-45de-b10e-c7f85e2c6127,,COMPLETED,,,,,
cc63ba71-6b14-442e-b4f8-abda8d826d88,3137fc8a-2b9e-45de-b10e-c7f85e2c6127,,COMPLETED,,,,,
cc63ba71-6b14-442e-b4f8-abda8d826d88,3137fc8a-2b9e-45de-b10e-c7f85e2c6127,,COMPLETED,,,,,
b84ef8aa-1d5d-4534-bd26-67e47ad481ec,810332b3-6270-405c-a42a-730cb2f48b33,,COMPLETED,,,,,
b84ef8aa-1d5d-4534-bd26-67e47ad481ec,810332b3-6270-405c-a42a-730cb2f48b33,,COMPLETED,,,,,
b84ef8aa-1d5d-4534-bd26-67e47ad481ec,810332b3-6270-405c-a42a-730cb2f48b33,,COMPLETED,,,,,
b84ef8aa-1d5d-4534-bd26-67e47ad481ec,810332b3-6270-405c-a42a-730cb2f48b33,,COMPLETED,,,,,
b84ef8aa-1d5d-4534-bd26-67e47ad481ec,810332b3-6270-405c-a42a-730cb2f48b33,,COMPLETED,,,,,
3736dfa3-b164-4d62-bd89-53ae46aeb045,3f3839d6-7731-4823-bb1e-46508ad116f4,,COMPLETED,,,,,
3736dfa3-b164-4d62-bd89-53ae46aeb045,3f3839d6-7731-4823-bb1e-46508ad116f4,,COMPLETED,,,,,
3736dfa3-b164-4d62-bd89-53ae46aeb045,3f3839d6-7731-4823-bb1e-46508ad116f4,,COMPLETED,,,,,
3736dfa3-b164-4d62-bd89-53ae46aeb045,3f3839d6-7731-4823-bb1e-46508ad116f4,,COMPLETED,,,,,
22b69cc3-1f14-4927-aafc-bb8c686fccbe,dd6d30dd-33b6-4327-91a5-6493075724a8,,COMPLETED,,,,,
22b69cc3-1f14-4927-aafc-bb8c686fccbe,dd6d30dd-33b6-4327-91a5-6493075724a8,,COMPLETED,,,,,
f3c36bae-15aa-4766-99b7-6164730a5864,40052a14-2341-4aee-88ea-5108294b4cc2,,COMPLETED,,,,,
f3c36bae-15aa-4766-99b7-6164730a5864,40052a14-2341-4aee-88ea-5108294b4cc2,,COMPLETED,,,,,
1f558462-22f4-4c43-8f6f-bf7b88a3893e,3c53b282-2f7c-4302-a892-94dfab6c19dc,,COMPLETED,,,,,
1f558462-22f4-4c43-8f6f-bf7b88a3893e,3c53b282-2f7c-4302-a892-94dfab6c19dc,,COMPLETED,,,,,
3736dfa3-b164-4d62-bd89-53ae46aeb045,42630104-d643-40bf-9662-11a2a572197b,,COMPLETED,,,,,
3736dfa3-b164-4d62-bd89-53ae46aeb045,42630104-d643-40bf-9662-11a2a572197b,,COMPLETED,,,,,
3736dfa3-b164-4d62-bd89-53ae46aeb045,42630104-d643-40bf-9662-11a2a572197b,,COMPLETED,,,,,
3736dfa3-b164-4d62-bd89-53ae46aeb045,42630104-d643-40bf-9662-11a2a572197b,,COMPLETED,,,,,
22b69cc3-1f14-4927-aafc-bb8c686fccbe,4c6f2646-76b5-40db-a67b-110e6ea139ed,,COMPLETED,,,,,
22b69cc3-1f14-4927-aafc-bb8c686fccbe,4c6f2646-76b5-40db-a67b-110e6ea139ed,,COMPLETED,,,,,
d8834c0a-e674-4750-9594-ca79412cd64f,58732bed-86d4-481a-8f88-153d1316c129,,COMPLETED,,,,,
d8834c0a-e674-4750-9594-ca79412cd64f,58732bed-86d4-481a-8f88-153d1316c129,,COMPLETED,,,,,
d8834c0a-e674-4750-9594-ca79412cd64f,58732bed-86d4-481a-8f88-153d1316c129,,COMPLETED,,,,,
d8834c0a-e674-4750-9594-ca79412cd64f,58732bed-86d4-481a-8f88-153d1316c129,,COMPLETED,,,,,
f3c36bae-15aa-4766-99b7-6164730a5864,74ae1da1-ea92-4e06-a0a4-2f32632e08fd,,COMPLETED,,,,,
f3c36bae-15aa-4766-99b7-6164730a5864,74ae1da1-ea92-4e06-a0a4-2f32632e08fd,,COMPLETED,,,,,
5d833a44-31dc-52eb-b568-faf6fbbd41f9,a7955e30-f75c-49c8-afb3-4abf28b33f99,,COMPLETED,,,,,
910cc907-00e7-425d-9a39-da66f1e45379,7df41dda-e2f2-4f63-bd89-6c45d9c0608d,,COMPLETED,,,,,
910cc907-00e7-425d-9a39-da66f1e45379,7df41dda-e2f2-4f63-bd89-6c45d9c0608d,,COMPLETED,,,,,
f3c36bae-15aa-4766-99b7-6164730a5864,ada53f40-f7f8-49d7-8598-489dcaf85066,,COMPLETED,,,,,
f3c36bae-15aa-4766-99b7-6164730a5864,ada53f40-f7f8-49d7-8598-489dcaf85066,,COMPLETED,,,,,
31c7f3c1-ba12-4594-bdbe-f358d419999a,4bcf89d8-c53d-4c74-a71a-ae355efbd631,,COMPLETED,,,,,
31c7f3c1-ba12-4594-bdbe-f358d419999a,4bcf89d8-c53d-4c74-a71a-ae355efbd631,,COMPLETED,,,,,
56613893-cf80-4633-a6ff-8040c5020bb0,09bfa0a6-89ca-4a58-8e66-b150e106f786,,COMPLETED,,,,,
56613893-cf80-4633-a6ff-8040c5020bb0,09bfa0a6-89ca-4a58-8e66-b150e106f786,,COMPLETED,,,,,
56613893-cf80-4633-a6ff-8040c5020bb0,09bfa0a6-89ca-4a58-8e66-b150e106f786,,COMPLETED,,,,,
6d7accf6-da5e-4aea-aa30-73b4a44a5502,52e15632-78b1-4fde-95ec-a9a1d2473472,,COMPLETED,,,,,
6d7accf6-da5e-4aea-aa30-73b4a44a5502,52e15632-78b1-4fde-95ec-a9a1d2473472,,COMPLETED,,,,,
31c7f3c1-ba12-4594-bdbe-f358d419999a,7b8b15b2-bfa9-4113-aa48-fed43d0bdd5f,,COMPLETED,,,,,
31c7f3c1-ba12-4594-bdbe-f358d419999a,7b8b15b2-bfa9-4113-aa48-fed43d0bdd5f,,COMPLETED,,,,,
31c7f3c1-ba12-4594-bdbe-f358d419999a,7b8b15b2-bfa9-4113-aa48-fed43d0bdd5f,,COMPLETED,,,,,
7c409bfa-9905-4047-be0d-daab9d0862ea,e2c64173-9b1c-4ff0-a512-f40d09b90d0d,,COMPLETED,,,,,
7c409bfa-9905-4047-be0d-daab9d0862ea,e2c64173-9b1c-4ff0-a512-f40d09b90d0d,,COMPLETED,,,,,
22b69cc3-1f14-4927-aafc-bb8c686fccbe,8591d983-17e3-482f-a5e3-ad0bfc6afd85,,COMPLETED,,,,,
22b69cc3-1f14-4927-aafc-bb8c686fccbe,8591d983-17e3-482f-a5e3-ad0bfc6afd85,,COMPLETED,,,,,
3e78a8c7-e1f0-4da6-a61a-5272b4e71564,dfb9e401-c99f-47bf-aaa1-c903d2257055,,COMPLETED,,,,,
3e78a8c7-e1f0-4da6-a61a-5272b4e71564,dfb9e401-c99f-47bf-aaa1-c903d2257055,,COMPLETED,,,,,
3e78a8c7-e1f0-4da6-a61a-5272b4e71564,dfb9e401-c99f-47bf-aaa1-c903d2257055,,COMPLETED,,,,,
3e78a8c7-e1f0-4da6-a61a-5272b4e71564,dfb9e401-c99f-47bf-aaa1-c903d2257055,,COMPLETED,,,,,
06dc54ec-cc56-4b50-a359-b542869df8bb,e3cf38ec-ecfc-445e-81d6-0b814c43f98e,,COMPLETED,,,,,
06dc54ec-cc56-4b50-a359-b542869df8bb,e3cf38ec-ecfc-445e-81d6-0b814c43f98e,,COMPLETED,,,,,
06dc54ec-cc56-4b50-a359-b542869df8bb,e3cf38ec-ecfc-445e-81d6-0b814c43f98e,,COMPLETED,,,,,
06dc54ec-cc56-4b50-a359-b542869df8bb,e3cf38ec-ecfc-445e-81d6-0b814c43f98e,,COMPLETED,,,,,
06dc54ec-cc56-4b50-a359-b542869df8bb,e3cf38ec-ecfc-445e-81d6-0b814c43f98e,,COMPLETED,,,,,
06dc54ec-cc56-4b50-a359-b542869df8bb,e3cf38ec-ecfc-445e-81d6-0b814c43f98e,,COMPLETED,,,,,
06dc54ec-cc56-4b50-a359-b542869df8bb,e3cf38ec-ecfc-445e-81d6-0b814c43f98e,,COMPLETED,,,,,
06dc54ec-cc56-4b50-a359-b542869df8bb,e3cf38ec-ecfc-445e-81d6-0b814c43f98e,,COMPLETED,,,,,
06dc54ec-cc56-4b50-a359-b542869df8bb,e3cf38ec-ecfc-445e-81d6-0b814c43f98e,,COMPLETED,,,,,
06dc54ec-cc56-4b50-a359-b542869df8bb,e3cf38ec-ecfc-445e-81d6-0b814c43f98e,,COMPLETED,,,,,
06dc54ec-cc56-4b50-a359-b542869df8bb,e3cf38ec-ecfc-445e-81d6-0b814c43f98e,,COMPLETED,,,,,
06dc54ec-cc56-4b50-a359-b542869df8bb,e3cf38ec-ecfc-445e-81d6-0b814c43f98e,,COMPLETED,,,,,
59ccfe49-71d4-4f51-abbf-1d0415ba3f96,686c49b5-4b93-41f4-ad30-77358b93ce76,,COMPLETED,,,,,
59ccfe49-71d4-4f51-abbf-1d0415ba3f96,686c49b5-4b93-41f4-ad30-77358b93ce76,,COMPLETED,,,,,
59ccfe49-71d4-4f51-abbf-1d0415ba3f96,686c49b5-4b93-41f4-ad30-77358b93ce76,,COMPLETED,,,,,
59ccfe49-71d4-4f51-abbf-1d0415ba3f96,686c49b5-4b93-41f4-ad30-77358b93ce76,,COMPLETED,,,,,
f3c36bae-15aa-4766-99b7-6164730a5864,7fdc409d-7b7d-4f71-8792-cd5061ce75e7,,COMPLETED,,,,,
f3c36bae-15aa-4766-99b7-6164730a5864,7fdc409d-7b7d-4f71-8792-cd5061ce75e7,,COMPLETED,,,,,
31c7f3c1-ba12-4594-bdbe-f358d419999a,52d53773-50cd-4125-8c3a-145404294029,,COMPLETED,,,,,
31c7f3c1-ba12-4594-bdbe-f358d419999a,52d53773-50cd-4125-8c3a-145404294029,,COMPLETED,,,,,
65cfab3a-3b8c-4d3d-b007-a84cf723de2c,bb9f65c2-4fde-4507-98d6-0a50197c670e,,COMPLETED,,,,,
65cfab3a-3b8c-4d3d-b007-a84cf723de2c,bb9f65c2-4fde-4507-98d6-0a50197c670e,,COMPLETED,,,,,
65cfab3a-3b8c-4d3d-b007-a84cf723de2c,bb9f65c2-4fde-4507-98d6-0a50197c670e,,COMPLETED,,,,,
65cfab3a-3b8c-4d3d-b007-a84cf723de2c,bb9f65c2-4fde-4507-98d6-0a50197c670e,,COMPLETED,,,,,
59ccfe49-71d4-4f51-abbf-1d0415ba3f96,1bac7f8d-9826-42be-ad23-14902a61afef,,COMPLETED,,,,,
59ccfe49-71d4-4f51-abbf-1d0415ba3f96,1bac7f8d-9826-42be-ad23-14902a61afef,,COMPLETED,,,,,
b84ef8aa-1d5d-4534-bd26-67e47ad481ec,5a49ea28-f5b0-43ef-bd83-45adc3b132fb,,COMPLETED,,,,,
b84ef8aa-1d5d-4534-bd26-67e47ad481ec,5a49ea28-f5b0-43ef-bd83-45adc3b132fb,,COMPLETED,,,,,
b84ef8aa-1d5d-4534-bd26-67e47ad481ec,5a49ea28-f5b0-43ef-bd83-45adc3b132fb,,COMPLETED,,,,,
b84ef8aa-1d5d-4534-bd26-67e47ad481ec,5a49ea28-f5b0-43ef-bd83-45adc3b132fb,,COMPLETED,,,,,
7c409bfa-9905-4047-be0d-daab9d0862ea,60906161-57ee-4cae-a232-a8aa1b02765b,,COMPLETED,,,,,
7c409bfa-9905-4047-be0d-daab9d0862ea,60906161-57ee-4cae-a232-a8aa1b02765b,,COMPLETED,,,,,
59ccfe49-71d4-4f51-abbf-1d0415ba3f96,a79049e9-f62a-42f3-8064-4046ba9e3267,,COMPLETED,,,,,
59ccfe49-71d4-4f51-abbf-1d0415ba3f96,a79049e9-f62a-42f3-8064-4046ba9e3267,,COMPLETED,,,,,
22b69cc3-1f14-4927-aafc-bb8c686fccbe,54b07a5f-c5af-4e14-b9e9-bcfe482cb6ac,,COMPLETED,,,,,
22b69cc3-1f14-4927-aafc-bb8c686fccbe,54b07a5f-c5af-4e14-b9e9-bcfe482cb6ac,,COMPLETED,,,,,
1fb9bc8d-919e-5540-9b20-64bdce7ed530,ff1a5731-801b-479e-acb2-04f443134d9b,,COMPLETED,,,,,
1fb9bc8d-919e-5540-9b20-64bdce7ed530,ff1a5731-801b-479e-acb2-04f443134d9b,,COMPLETED,,,,,
1fb9bc8d-919e-5540-9b20-64bdce7ed530,ff1a5731-801b-479e-acb2-04f443134d9b,,COMPLETED,,,,,
0fdf1bb2-309b-4276-b69a-4f0a68a1a766,f103a3eb-efe3-409b-9062-ee349fd03a52,,COMPLETED,,,,,
0fdf1bb2-309b-4276-b69a-4f0a68a1a766,f103a3eb-efe3-409b-9062-ee349fd03a52,,COMPLETED,,,,,
0fdf1bb2-309b-4276-b69a-4f0a68a1a766,f103a3eb-efe3-409b-9062-ee349fd03a52,,COMPLETED,,,,,
0fdf1bb2-309b-4276-b69a-4f0a68a1a766,f103a3eb-efe3-409b-9062-ee349fd03a52,,COMPLETED,,,,,
b50d0202-fb48-4f6f-9f77-73caf4246ce6,6feb9844-20d8-4494-a020-3baf626f1cb2,,COMPLETED,,,,,
f3c36bae-15aa-4766-99b7-6164730a5864,25c03318-b532-415a-8a87-9fc79550e761,,COMPLETED,,,,,
f3c36bae-15aa-4766-99b7-6164730a5864,25c03318-b532-415a-8a87-9fc79550e761,,COMPLETED,,,,,
59ccfe49-71d4-4f51-abbf-1d0415ba3f96,7a14ceeb-ba0b-4a58-a4bc-da2b218525fb,,COMPLETED,,,,,
2ee99244-2efa-4d9b-b510-d8abf80228f6,d1eaa3f5-d481-4ecd-adc3-d69887c1b804,,COMPLETED,,,,,
2ee99244-2efa-4d9b-b510-d8abf80228f6,d1eaa3f5-d481-4ecd-adc3-d69887c1b804,,COMPLETED,,,,,
f3c36bae-15aa-4766-99b7-6164730a5864,3eec7574-d537-4a42-a732-97a3b6f29ffe,,COMPLETED,,,,,
f3c36bae-15aa-4766-99b7-6164730a5864,3eec7574-d537-4a42-a732-97a3b6f29ffe,,COMPLETED,,,,,
f3c36bae-15aa-4766-99b7-6164730a5864,3eec7574-d537-4a42-a732-97a3b6f29ffe,,COMPLETED,,,,,
59ccfe49-71d4-4f51-abbf-1d0415ba3f96,e0f2e4e9-bca2-4aa6-b87f-1e93b011ece9,,COMPLETED,,,,,
59ccfe49-71d4-4f51-abbf-1d0415ba3f96,e0f2e4e9-bca2-4aa6-b87f-1e93b011ece9,,COMPLETED,,,,,
59ccfe49-71d4-4f51-abbf-1d0415ba3f96,e0f2e4e9-bca2-4aa6-b87f-1e93b011ece9,,COMPLETED,,,,,
59ccfe49-71d4-4f51-abbf-1d0415ba3f96,e0f2e4e9-bca2-4aa6-b87f-1e93b011ece9,,COMPLETED,,,,,
b84ef8aa-1d5d-4534-bd26-67e47ad481ec,6fbaa082-30b2-452d-9e5f-9ec306f5e7ce,,COMPLETED,,,,,
b84ef8aa-1d5d-4534-bd26-67e47ad481ec,6fbaa082-30b2-452d-9e5f-9ec306f5e7ce,,COMPLETED,,,,,
b84ef8aa-1d5d-4534-bd26-67e47ad481ec,6fbaa082-30b2-452d-9e5f-9ec306f5e7ce,,COMPLETED,,,,,
b84ef8aa-1d5d-4534-bd26-67e47ad481ec,6fbaa082-30b2-452d-9e5f-9ec306f5e7ce,,COMPLETED,,,,,
97a9bd1f-15bd-4181-84b8-c6deafebd5b1,40da8714-b82e-4d57-bd65-9007fa8ed693,,COMPLETED,,,,,
22b69cc3-1f14-4927-aafc-bb8c686fccbe,94c9906a-c974-43e2-acf3-b640d6030edf,,COMPLETED,,,,,
22b69cc3-1f14-4927-aafc-bb8c686fccbe,94c9906a-c974-43e2-acf3-b640d6030edf,,COMPLETED,,,,,
f3c36bae-15aa-4766-99b7-6164730a5864,10ffa15c-de4d-4b83-8665-ab1bbdc91872,,COMPLETED,,,,,
f3c36bae-15aa-4766-99b7-6164730a5864,10ffa15c-de4d-4b83-8665-ab1bbdc91872,,COMPLETED,,,,,
f3c36bae-15aa-4766-99b7-6164730a5864,10ffa15c-de4d-4b83-8665-ab1bbdc91872,,COMPLETED,,,,,
f3c36bae-15aa-4766-99b7-6164730a5864,10ffa15c-de4d-4b83-8665-ab1bbdc91872,,COMPLETED,,,,,
f3c36bae-15aa-4766-99b7-6164730a5864,10ffa15c-de4d-4b83-8665-ab1bbdc91872,,COMPLETED,,,,,
545fb39a-cc55-4fb7-bfbb-9543254ee0f6,827aeaaf-342f-43e8-9f7c-c319bea53756,,COMPLETED,,,,,
545fb39a-cc55-4fb7-bfbb-9543254ee0f6,827aeaaf-342f-43e8-9f7c-c319bea53756,,COMPLETED,,,,,
545fb39a-cc55-4fb7-bfbb-9543254ee0f6,827aeaaf-342f-43e8-9f7c-c319bea53756,,COMPLETED,,,,,
805ea552-02c1-40e6-bbc5-ac002286f10e,8ed184cf-fd78-4956-8de5-e6815cbf715e,,COMPLETED,,,,,
805ea552-02c1-40e6-bbc5-ac002286f10e,8ed184cf-fd78-4956-8de5-e6815cbf715e,,COMPLETED,,,,,
805ea552-02c1-40e6-bbc5-ac002286f10e,8ed184cf-fd78-4956-8de5-e6815cbf715e,,COMPLETED,,,,,
805ea552-02c1-40e6-bbc5-ac002286f10e,8ed184cf-fd78-4956-8de5-e6815cbf715e,,COMPLETED,,,,,
31c7f3c1-ba12-4594-bdbe-f358d419999a,3e49fb92-4984-4fe2-a664-8bf7f4230481,,COMPLETED,,,,,
31c7f3c1-ba12-4594-bdbe-f358d419999a,3e49fb92-4984-4fe2-a664-8bf7f4230481,,COMPLETED,,,,,
31c7f3c1-ba12-4594-bdbe-f358d419999a,3e49fb92-4984-4fe2-a664-8bf7f4230481,,COMPLETED,,,,,
31c7f3c1-ba12-4594-bdbe-f358d419999a,3e49fb92-4984-4fe2-a664-8bf7f4230481,,COMPLETED,,,,,
31c7f3c1-ba12-4594-bdbe-f358d419999a,3e49fb92-4984-4fe2-a664-8bf7f4230481,,COMPLETED,,,,,
f3c36bae-15aa-4766-99b7-6164730a5864,bb1307b2-23ba-4f9a-a59a-62822741cfa9,,COMPLETED,,,,,
f3c36bae-15aa-4766-99b7-6164730a5864,bb1307b2-23ba-4f9a-a59a-62822741cfa9,,COMPLETED,,,,,
1bb0e4b1-c1d4-4035-857a-91006d9a4946,e7611932-cd4c-4adf-8044-58179b8d6ff6,,COMPLETED,,,,,
1bb0e4b1-c1d4-4035-857a-91006d9a4946,e7611932-cd4c-4adf-8044-58179b8d6ff6,,COMPLETED,,,,,
1bb0e4b1-c1d4-4035-857a-91006d9a4946,e7611932-cd4c-4adf-8044-58179b8d6ff6,,COMPLETED,,,,,
2f15f90b-5047-46ed-952b-ce7f1638f4d2,d9d6e10f-d211-4cb3-aed7-e3d93ddc6ddd,,COMPLETED,,,,,
2f15f90b-5047-46ed-952b-ce7f1638f4d2,d9d6e10f-d211-4cb3-aed7-e3d93ddc6ddd,,COMPLETED,,,,,
545fb39a-cc55-4fb7-bfbb-9543254ee0f6,68449f56-092a-4e5d-b671-58eba60b9212,,UNFULFILLED,,,,,
545fb39a-cc55-4fb7-bfbb-9543254ee0f6,68449f56-092a-4e5d-b671-58eba60b9212,,UNFULFILLED,,,,,
59ccfe49-71d4-4f51-abbf-1d0415ba3f96,ef2291bc-16ca-4606-a7b3-275c28e14592,,COMPLETED,,,,,
59ccfe49-71d4-4f51-abbf-1d0415ba3f96,ef2291bc-16ca-4606-a7b3-275c28e14592,,COMPLETED,,,,,
f76d2ad3-9e51-4ce2-830a-39a1bb2fe495,37fbe94c-73bd-4592-9a5b-0d4ee303cde8,,COMPLETED,,,,,
f76d2ad3-9e51-4ce2-830a-39a1bb2fe495,37fbe94c-73bd-4592-9a5b-0d4ee303cde8,,COMPLETED,,,,,
f76d2ad3-9e51-4ce2-830a-39a1bb2fe495,37fbe94c-73bd-4592-9a5b-0d4ee303cde8,,COMPLETED,,,,,
f76d2ad3-9e51-4ce2-830a-39a1bb2fe495,37fbe94c-73bd-4592-9a5b-0d4ee303cde8,,COMPLETED,,,,,
c18fd865-4df6-46d0-bd56-752869084f75,65ec2af8-dd1c-4a6a-a936-0dfd03521cdf,,COMPLETED,,,,,
c18fd865-4df6-46d0-bd56-752869084f75,65ec2af8-dd1c-4a6a-a936-0dfd03521cdf,,COMPLETED,,,,,
b92f71af-4c58-488e-865d-880c5c03396f,348ef692-63a6-4be3-b65b-27784e7fe2b8,,COMPLETED,,,,,
59ccfe49-71d4-4f51-abbf-1d0415ba3f96,9f0c4025-c494-4d01-9fed-63b33a6bacb1,,COMPLETED,,,,,
59ccfe49-71d4-4f51-abbf-1d0415ba3f96,9f0c4025-c494-4d01-9fed-63b33a6bacb1,,COMPLETED,,,,,
59ccfe49-71d4-4f51-abbf-1d0415ba3f96,9f0c4025-c494-4d01-9fed-63b33a6bacb1,,COMPLETED,,,,,
59ccfe49-71d4-4f51-abbf-1d0415ba3f96,9f0c4025-c494-4d01-9fed-63b33a6bacb1,,COMPLETED,,,,,
a5b8c60b-9f9d-4d38-986b-cceb6092d001,056ae6f8-6f83-4c1a-8304-d261c405246a,,COMPLETED,,,,,
a5b8c60b-9f9d-4d38-986b-cceb6092d001,056ae6f8-6f83-4c1a-8304-d261c405246a,,COMPLETED,,,,,
a5b8c60b-9f9d-4d38-986b-cceb6092d001,056ae6f8-6f83-4c1a-8304-d261c405246a,,COMPLETED,,,,,
f3c36bae-15aa-4766-99b7-6164730a5864,18d506b0-4c4d-429f-aed4-0c1d1787aefd,,COMPLETED,,,,,
f3c36bae-15aa-4766-99b7-6164730a5864,18d506b0-4c4d-429f-aed4-0c1d1787aefd,,COMPLETED,,,,,
f3c36bae-15aa-4766-99b7-6164730a5864,18d506b0-4c4d-429f-aed4-0c1d1787aefd,,COMPLETED,,,,,
f3c36bae-15aa-4766-99b7-6164730a5864,18d506b0-4c4d-429f-aed4-0c1d1787aefd,,COMPLETED,,,,,
f3c36bae-15aa-4766-99b7-6164730a5864,18d506b0-4c4d-429f-aed4-0c1d1787aefd,,COMPLETED,,,,,
0ecc25a5-e9e0-42aa-8331-27884b334a66,c5bbb40f-5dbb-454d-b81e-447a8e2d2d41,,COMPLETED,,,,,
0ecc25a5-e9e0-42aa-8331-27884b334a66,c5bbb40f-5dbb-454d-b81e-447a8e2d2d41,,COMPLETED,,,,,
0ecc25a5-e9e0-42aa-8331-27884b334a66,c5bbb40f-5dbb-454d-b81e-447a8e2d2d41,,COMPLETED,,,,,
0ecc25a5-e9e0-42aa-8331-27884b334a66,c5bbb40f-5dbb-454d-b81e-447a8e2d2d41,,COMPLETED,,,,,
0ecc25a5-e9e0-42aa-8331-27884b334a66,c5bbb40f-5dbb-454d-b81e-447a8e2d2d41,,COMPLETED,,,,,
0ecc25a5-e9e0-42aa-8331-27884b334a66,c5bbb40f-5dbb-454d-b81e-447a8e2d2d41,,COMPLETED,,,,,
0ecc25a5-e9e0-42aa-8331-27884b334a66,c5bbb40f-5dbb-454d-b81e-447a8e2d2d41,,COMPLETED,,,,,
0ecc25a5-e9e0-42aa-8331-27884b334a66,c5bbb40f-5dbb-454d-b81e-447a8e2d2d41,,COMPLETED,,,,,
0ecc25a5-e9e0-42aa-8331-27884b334a66,c5bbb40f-5dbb-454d-b81e-447a8e2d2d41,,COMPLETED,,,,,
0ecc25a5-e9e0-42aa-8331-27884b334a66,c5bbb40f-5dbb-454d-b81e-447a8e2d2d41,,COMPLETED,,,,,
0ecc25a5-e9e0-42aa-8331-27884b334a66,c5bbb40f-5dbb-454d-b81e-447a8e2d2d41,,COMPLETED,,,,,
0ecc25a5-e9e0-42aa-8331-27884b334a66,c5bbb40f-5dbb-454d-b81e-447a8e2d2d41,,COMPLETED,,,,,
0ecc25a5-e9e0-42aa-8331-27884b334a66,c5bbb40f-5dbb-454d-b81e-447a8e2d2d41,,COMPLETED,,,,,
0ecc25a5-e9e0-42aa-8331-27884b334a66,c5bbb40f-5dbb-454d-b81e-447a8e2d2d41,,COMPLETED,,,,,
0ecc25a5-e9e0-42aa-8331-27884b334a66,c5bbb40f-5dbb-454d-b81e-447a8e2d2d41,,COMPLETED,,,,,
0ecc25a5-e9e0-42aa-8331-27884b334a66,c5bbb40f-5dbb-454d-b81e-447a8e2d2d41,,COMPLETED,,,,,
0ecc25a5-e9e0-42aa-8331-27884b334a66,c5bbb40f-5dbb-454d-b81e-447a8e2d2d41,,COMPLETED,,,,,
31c7f3c1-ba12-4594-bdbe-f358d419999a,c9bec874-3c7d-4732-bad5-84014619805d,,COMPLETED,,,,,
31c7f3c1-ba12-4594-bdbe-f358d419999a,c9bec874-3c7d-4732-bad5-84014619805d,,COMPLETED,,,,,
22b69cc3-1f14-4927-aafc-bb8c686fccbe,99437c41-c4d0-4f6e-8560-46953ca10aa7,,COMPLETED,,,,,
22b69cc3-1f14-4927-aafc-bb8c686fccbe,99437c41-c4d0-4f6e-8560-46953ca10aa7,,COMPLETED,,,,,
31c7f3c1-ba12-4594-bdbe-f358d419999a,2e387dd3-f103-4226-8cc7-65e168beff9c,,COMPLETED,,,,,
31c7f3c1-ba12-4594-bdbe-f358d419999a,2e387dd3-f103-4226-8cc7-65e168beff9c,,COMPLETED,,,,,
21d9a57e-edba-45d0-92ee-0fd09ebea0a6,d7cc0f94-49ec-4e17-a2d7-0b9894a8386e,,COMPLETED,,,,,
21d9a57e-edba-45d0-92ee-0fd09ebea0a6,d7cc0f94-49ec-4e17-a2d7-0b9894a8386e,,COMPLETED,,,,,
21d9a57e-edba-45d0-92ee-0fd09ebea0a6,d7cc0f94-49ec-4e17-a2d7-0b9894a8386e,,COMPLETED,,,,,
21d9a57e-edba-45d0-92ee-0fd09ebea0a6,d7cc0f94-49ec-4e17-a2d7-0b9894a8386e,,COMPLETED,,,,,
21d9a57e-edba-45d0-92ee-0fd09ebea0a6,d7cc0f94-49ec-4e17-a2d7-0b9894a8386e,,COMPLETED,,,,,
99a95ea8-f28d-4009-a4b4-0d69bed051a0,bc0f9516-1eb3-4c0b-9e3c-4dca594ee969,,COMPLETED,,,,,
f87128ee-1b01-44b5-92be-c6a70e679a17,189afb50-ce1a-4525-9ec2-ff0a751033da,,COMPLETED,,,,,
f87128ee-1b01-44b5-92be-c6a70e679a17,189afb50-ce1a-4525-9ec2-ff0a751033da,,COMPLETED,,,,,
f87128ee-1b01-44b5-92be-c6a70e679a17,189afb50-ce1a-4525-9ec2-ff0a751033da,,COMPLETED,,,,,
f87128ee-1b01-44b5-92be-c6a70e679a17,189afb50-ce1a-4525-9ec2-ff0a751033da,,COMPLETED,,,,,
f3c36bae-15aa-4766-99b7-6164730a5864,f18bffc3-335b-43dd-9e54-81dabab2c6b8,,COMPLETED,,,,,
f3c36bae-15aa-4766-99b7-6164730a5864,f18bffc3-335b-43dd-9e54-81dabab2c6b8,,COMPLETED,,,,,
f3c36bae-15aa-4766-99b7-6164730a5864,f18bffc3-335b-43dd-9e54-81dabab2c6b8,,COMPLETED,,,,,
f3c36bae-15aa-4766-99b7-6164730a5864,f18bffc3-335b-43dd-9e54-81dabab2c6b8,,COMPLETED,,,,,
6d7accf6-da5e-4aea-aa30-73b4a44a5502,29048c40-31cb-4a18-9581-4103b8af6a48,,COMPLETED,,,,,
6d7accf6-da5e-4aea-aa30-73b4a44a5502,29048c40-31cb-4a18-9581-4103b8af6a48,,COMPLETED,,,,,
b84ef8aa-1d5d-4534-bd26-67e47ad481ec,3a71a024-51db-4665-9a30-68ed93dd8cea,,COMPLETED,,,,,
b84ef8aa-1d5d-4534-bd26-67e47ad481ec,3a71a024-51db-4665-9a30-68ed93dd8cea,,COMPLETED,,,,,
b84ef8aa-1d5d-4534-bd26-67e47ad481ec,3a71a024-51db-4665-9a30-68ed93dd8cea,,COMPLETED,,,,,
b84ef8aa-1d5d-4534-bd26-67e47ad481ec,3a71a024-51db-4665-9a30-68ed93dd8cea,,COMPLETED,,,,,
b84ef8aa-1d5d-4534-bd26-67e47ad481ec,3a71a024-51db-4665-9a30-68ed93dd8cea,,COMPLETED,,,,,
22b69cc3-1f14-4927-aafc-bb8c686fccbe,b89f3d5c-e474-4c03-bed8-1b2f5a42ac7b,,COMPLETED,,,,,
22b69cc3-1f14-4927-aafc-bb8c686fccbe,b89f3d5c-e474-4c03-bed8-1b2f5a42ac7b,,COMPLETED,,,,,
485e8bf0-823f-4cb3-b725-cde69420600d,3918a288-f678-4cc7-aa1d-82d3e6c81f4e,,COMPLETED,,,,,
485e8bf0-823f-4cb3-b725-cde69420600d,3918a288-f678-4cc7-aa1d-82d3e6c81f4e,,COMPLETED,,,,,
485e8bf0-823f-4cb3-b725-cde69420600d,3918a288-f678-4cc7-aa1d-82d3e6c81f4e,,COMPLETED,,,,,
485e8bf0-823f-4cb3-b725-cde69420600d,3918a288-f678-4cc7-aa1d-82d3e6c81f4e,,COMPLETED,,,,,
59ccfe49-71d4-4f51-abbf-1d0415ba3f96,92a42c21-4508-4b7a-90e0-76f0eef60a3f,,COMPLETED,,,,,
59ccfe49-71d4-4f51-abbf-1d0415ba3f96,92a42c21-4508-4b7a-90e0-76f0eef60a3f,,COMPLETED,,,,,
e83a69f1-ed1a-42c9-b92b-4f91d819779c,21794303-591f-4b61-b24b-cb001849cd82,,COMPLETED,,,,,
64cae5ff-15c6-482b-8a3e-b223c1676f78,26f728e1-7f09-4a9e-a27b-e02c3894a839,,COMPLETED,,,,,
64cae5ff-15c6-482b-8a3e-b223c1676f78,26f728e1-7f09-4a9e-a27b-e02c3894a839,,COMPLETED,,,,,
64cae5ff-15c6-482b-8a3e-b223c1676f78,26f728e1-7f09-4a9e-a27b-e02c3894a839,,COMPLETED,,,,,
85cd8e46-af42-4050-aa0e-6f92fd6f0153,0834d82d-2cd2-4c4f-a1e7-deef2f30a71f,,COMPLETED,,,,,
b6ac74b6-e288-425e-9600-39e915c2bf68,a8ac50d0-8fe5-4da2-aa71-d445359a7bdc,,COMPLETED,,,,,
b6ac74b6-e288-425e-9600-39e915c2bf68,a8ac50d0-8fe5-4da2-aa71-d445359a7bdc,,COMPLETED,,,,,
b6ac74b6-e288-425e-9600-39e915c2bf68,a8ac50d0-8fe5-4da2-aa71-d445359a7bdc,,COMPLETED,,,,,
b6ac74b6-e288-425e-9600-39e915c2bf68,a8ac50d0-8fe5-4da2-aa71-d445359a7bdc,,COMPLETED,,,,,
31c7f3c1-ba12-4594-bdbe-f358d419999a,6ddf2dc5-13a0-4742-bfcc-3276bfc1c26f,,COMPLETED,,,,,
31c7f3c1-ba12-4594-bdbe-f358d419999a,6ddf2dc5-13a0-4742-bfcc-3276bfc1c26f,,COMPLETED,,,,,
31c7f3c1-ba12-4594-bdbe-f358d419999a,6ddf2dc5-13a0-4742-bfcc-3276bfc1c26f,,COMPLETED,,,,,
31c7f3c1-ba12-4594-bdbe-f358d419999a,6ddf2dc5-13a0-4742-bfcc-3276bfc1c26f,,COMPLETED,,,,,
8e127420-edaf-4ef4-969f-88d02ab11e99,dcb477a7-3f2f-4da2-8e66-5a4e3e4d6fc3,,COMPLETED,,,,,
8e127420-edaf-4ef4-969f-88d02ab11e99,dcb477a7-3f2f-4da2-8e66-5a4e3e4d6fc3,,COMPLETED,,,,,
8e127420-edaf-4ef4-969f-88d02ab11e99,dcb477a7-3f2f-4da2-8e66-5a4e3e4d6fc3,,COMPLETED,,,,,
8e127420-edaf-4ef4-969f-88d02ab11e99,dcb477a7-3f2f-4da2-8e66-5a4e3e4d6fc3,,COMPLETED,,,,,
8e127420-edaf-4ef4-969f-88d02ab11e99,dcb477a7-3f2f-4da2-8e66-5a4e3e4d6fc3,,COMPLETED,,,,,
8e127420-edaf-4ef4-969f-88d02ab11e99,dcb477a7-3f2f-4da2-8e66-5a4e3e4d6fc3,,COMPLETED,,,,,
b84ef8aa-1d5d-4534-bd26-67e47ad481ec,11410163-a6d0-4305-8072-c52151f5eb4e,,COMPLETED,,,,,
b84ef8aa-1d5d-4534-bd26-67e47ad481ec,11410163-a6d0-4305-8072-c52151f5eb4e,,COMPLETED,,,,,
b84ef8aa-1d5d-4534-bd26-67e47ad481ec,11410163-a6d0-4305-8072-c52151f5eb4e,,COMPLETED,,,,,
b84ef8aa-1d5d-4534-bd26-67e47ad481ec,11410163-a6d0-4305-8072-c52151f5eb4e,,COMPLETED,,,,,
b84ef8aa-1d5d-4534-bd26-67e47ad481ec,11410163-a6d0-4305-8072-c52151f5eb4e,,COMPLETED,,,,,
22b69cc3-1f14-4927-aafc-bb8c686fccbe,d21173b3-b18c-471f-92a8-298cd26db4f8,,COMPLETED,,,,,
22b69cc3-1f14-4927-aafc-bb8c686fccbe,d21173b3-b18c-471f-92a8-298cd26db4f8,,COMPLETED,,,,,
f76d2ad3-9e51-4ce2-830a-39a1bb2fe495,d4601166-17ce-432f-9ba0-f8fbc5384603,,COMPLETED,,,,,
f76d2ad3-9e51-4ce2-830a-39a1bb2fe495,d4601166-17ce-432f-9ba0-f8fbc5384603,,COMPLETED,,,,,
31c7f3c1-ba12-4594-bdbe-f358d419999a,902c45c7-0108-4fac-bca3-c8a42cd7f40b,,COMPLETED,,,,,
31c7f3c1-ba12-4594-bdbe-f358d419999a,902c45c7-0108-4fac-bca3-c8a42cd7f40b,,COMPLETED,,,,,
31c7f3c1-ba12-4594-bdbe-f358d419999a,902c45c7-0108-4fac-bca3-c8a42cd7f40b,,COMPLETED,,,,,
31c7f3c1-ba12-4594-bdbe-f358d419999a,902c45c7-0108-4fac-bca3-c8a42cd7f40b,,COMPLETED,,,,,
9b7418f4-0df0-4458-8878-857180dbf749,f44f50b5-013b-4cde-a543-99b3feaef3ea,,COMPLETED,,,,,
9b7418f4-0df0-4458-8878-857180dbf749,f44f50b5-013b-4cde-a543-99b3feaef3ea,,COMPLETED,,,,,
a371a529-96ae-463f-bba9-c6d37d720ec0,fbfb25d3-464d-43a3-973d-f694c2c2ac2c,,COMPLETED,,,,,
a371a529-96ae-463f-bba9-c6d37d720ec0,fbfb25d3-464d-43a3-973d-f694c2c2ac2c,,COMPLETED,,,,,
a371a529-96ae-463f-bba9-c6d37d720ec0,fbfb25d3-464d-43a3-973d-f694c2c2ac2c,,COMPLETED,,,,,
a371a529-96ae-463f-bba9-c6d37d720ec0,fbfb25d3-464d-43a3-973d-f694c2c2ac2c,,COMPLETED,,,,,
a371a529-96ae-463f-bba9-c6d37d720ec0,fbfb25d3-464d-43a3-973d-f694c2c2ac2c,,COMPLETED,,,,,
af65a70b-a041-4882-9afa-53dac1150e0c,38dc5da1-515a-4ea7-bf1c-70c513bba688,,COMPLETED,,,,,
661d86ae-0042-4170-a2d7-33f67105a625,f7a6a3bf-bcfc-48d7-a941-ce68318a3d38,,COMPLETED,,,,,
661d86ae-0042-4170-a2d7-33f67105a625,f7a6a3bf-bcfc-48d7-a941-ce68318a3d38,,COMPLETED,,,,,
661d86ae-0042-4170-a2d7-33f67105a625,f7a6a3bf-bcfc-48d7-a941-ce68318a3d38,,COMPLETED,,,,,
661d86ae-0042-4170-a2d7-33f67105a625,f7a6a3bf-bcfc-48d7-a941-ce68318a3d38,,COMPLETED,,,,,
661d86ae-0042-4170-a2d7-33f67105a625,f7a6a3bf-bcfc-48d7-a941-ce68318a3d38,,COMPLETED,,,,,
661d86ae-0042-4170-a2d7-33f67105a625,f7a6a3bf-bcfc-48d7-a941-ce68318a3d38,,COMPLETED,,,,,
661d86ae-0042-4170-a2d7-33f67105a625,f7a6a3bf-bcfc-48d7-a941-ce68318a3d38,,COMPLETED,,,,,
661d86ae-0042-4170-a2d7-33f67105a625,f7a6a3bf-bcfc-48d7-a941-ce68318a3d38,,COMPLETED,,,,,
661d86ae-0042-4170-a2d7-33f67105a625,f7a6a3bf-bcfc-48d7-a941-ce68318a3d38,,COMPLETED,,,,,
661d86ae-0042-4170-a2d7-33f67105a625,f7a6a3bf-bcfc-48d7-a941-ce68318a3d38,,COMPLETED,,,,,
a90c3670-7c95-4a86-9854-86cda84287a0,95293b21-b0ce-44df-a72f-17dd063bbe57,,COMPLETED,,,,,
a90c3670-7c95-4a86-9854-86cda84287a0,95293b21-b0ce-44df-a72f-17dd063bbe57,,COMPLETED,,,,,
f3c36bae-15aa-4766-99b7-6164730a5864,3fea5c54-0625-4486-a0e0-2d42801a0ea6,,COMPLETED,,,,,
f3c36bae-15aa-4766-99b7-6164730a5864,3fea5c54-0625-4486-a0e0-2d42801a0ea6,,COMPLETED,,,,,
f3c36bae-15aa-4766-99b7-6164730a5864,3fea5c54-0625-4486-a0e0-2d42801a0ea6,,COMPLETED,,,,,
59ccfe49-71d4-4f51-abbf-1d0415ba3f96,4efa80fe-fd61-4c62-8aae-73420f5327db,,COMPLETED,,,,,
59ccfe49-71d4-4f51-abbf-1d0415ba3f96,4efa80fe-fd61-4c62-8aae-73420f5327db,,COMPLETED,,,,,
59ccfe49-71d4-4f51-abbf-1d0415ba3f96,2195f656-0a8b-4925-b5cc-70b05444fe15,,COMPLETED,,,,,
59ccfe49-71d4-4f51-abbf-1d0415ba3f96,2195f656-0a8b-4925-b5cc-70b05444fe15,,COMPLETED,,,,,
6d7accf6-da5e-4aea-aa30-73b4a44a5502,a65f055a-a27e-403f-8f02-c8df87bc7525,,COMPLETED,,,,,
6d7accf6-da5e-4aea-aa30-73b4a44a5502,a65f055a-a27e-403f-8f02-c8df87bc7525,,COMPLETED,,,,,
9e50cefb-7e20-4a1b-9a68-739858eea704,b5ded57c-5826-42d4-a49d-a5f98b6cfb4c,,COMPLETED,,,,,
99a95ea8-f28d-4009-a4b4-0d69bed051a0,7e549ef4-41ab-4006-8d2e-de51c2afea2b,,COMPLETED,,,,,
3e78a8c7-e1f0-4da6-a61a-5272b4e71564,4f97d051-fa19-43e5-a01e-564ad2e060aa,,COMPLETED,,,,,
b92f71af-4c58-488e-865d-880c5c03396f,ea8e8a21-18bd-4ab5-bfa0-df591681338f,,COMPLETED,,,,,
31c7f3c1-ba12-4594-bdbe-f358d419999a,a5f0b050-0f5e-40e5-9b1f-8bb7683a9cb9,,COMPLETED,,,,,
31c7f3c1-ba12-4594-bdbe-f358d419999a,a5f0b050-0f5e-40e5-9b1f-8bb7683a9cb9,,COMPLETED,,,,,
9e50cefb-7e20-4a1b-9a68-739858eea704,19ba56e3-4808-4760-b5cf-22c9770c64fc,,COMPLETED,,,,,
9e50cefb-7e20-4a1b-9a68-739858eea704,19ba56e3-4808-4760-b5cf-22c9770c64fc,,COMPLETED,,,,,
46c53020-c90d-49cd-bca2-4e20dddf0b8f,e9c49418-253a-4a87-942f-ce798580b12d,,COMPLETED,,,,,
46c53020-c90d-49cd-bca2-4e20dddf0b8f,e9c49418-253a-4a87-942f-ce798580b12d,,COMPLETED,,,,,
46c53020-c90d-49cd-bca2-4e20dddf0b8f,e9c49418-253a-4a87-942f-ce798580b12d,,COMPLETED,,,,,
46c53020-c90d-49cd-bca2-4e20dddf0b8f,e9c49418-253a-4a87-942f-ce798580b12d,,COMPLETED,,,,,
a90c3670-7c95-4a86-9854-86cda84287a0,3765081d-5704-4860-a974-98880dcf7aaa,,COMPLETED,,,,,
a90c3670-7c95-4a86-9854-86cda84287a0,3765081d-5704-4860-a974-98880dcf7aaa,,COMPLETED,,,,,
59ccfe49-71d4-4f51-abbf-1d0415ba3f96,13276aac-447e-469d-a383-3e59784cfe80,,COMPLETED,,,,,
59ccfe49-71d4-4f51-abbf-1d0415ba3f96,13276aac-447e-469d-a383-3e59784cfe80,,COMPLETED,,,,,
21d9a57e-edba-45d0-92ee-0fd09ebea0a6,ac418a91-0653-4b21-ac7a-febe2fd02fed,,COMPLETED,,,,,
21d9a57e-edba-45d0-92ee-0fd09ebea0a6,ac418a91-0653-4b21-ac7a-febe2fd02fed,,COMPLETED,,,,,
21d9a57e-edba-45d0-92ee-0fd09ebea0a6,ac418a91-0653-4b21-ac7a-febe2fd02fed,,COMPLETED,,,,,
21d9a57e-edba-45d0-92ee-0fd09ebea0a6,ac418a91-0653-4b21-ac7a-febe2fd02fed,,COMPLETED,,,,,
21d9a57e-edba-45d0-92ee-0fd09ebea0a6,ac418a91-0653-4b21-ac7a-febe2fd02fed,,COMPLETED,,,,,
f3c36bae-15aa-4766-99b7-6164730a5864,45264111-0ea2-43b4-b5ad-44dbd9c9f37a,,COMPLETED,,,,,
f3c36bae-15aa-4766-99b7-6164730a5864,45264111-0ea2-43b4-b5ad-44dbd9c9f37a,,COMPLETED,,,,,
f3c36bae-15aa-4766-99b7-6164730a5864,45264111-0ea2-43b4-b5ad-44dbd9c9f37a,,COMPLETED,,,,,
b41380c9-a16b-4817-88e1-cc8952c93e4a,efa3652b-5490-4a35-bc20-833066b3d0aa,,COMPLETED,,,,,
b41380c9-a16b-4817-88e1-cc8952c93e4a,efa3652b-5490-4a35-bc20-833066b3d0aa,,COMPLETED,,,,,
59ccfe49-71d4-4f51-abbf-1d0415ba3f96,b44262c3-3ce5-4a48-87a1-94175d58414f,,COMPLETED,,,,,
59ccfe49-71d4-4f51-abbf-1d0415ba3f96,b44262c3-3ce5-4a48-87a1-94175d58414f,,COMPLETED,,,,,
ce626f20-7d96-47e9-9987-2c398301f3a5,a345e61d-e8f7-4eaf-97be-c043163b213e,,COMPLETED,,,,,
b84ef8aa-1d5d-4534-bd26-67e47ad481ec,8fde9b8d-95eb-4d32-9880-93c4edc31bad,,COMPLETED,,,,,
b84ef8aa-1d5d-4534-bd26-67e47ad481ec,8fde9b8d-95eb-4d32-9880-93c4edc31bad,,COMPLETED,,,,,
b84ef8aa-1d5d-4534-bd26-67e47ad481ec,8fde9b8d-95eb-4d32-9880-93c4edc31bad,,COMPLETED,,,,,
d021138e-e2bd-4931-b9da-a9cf3e3d558e,19407164-3a9b-4a1b-8b16-d4a8924c09d6,,COMPLETED,,,,,
d021138e-e2bd-4931-b9da-a9cf3e3d558e,19407164-3a9b-4a1b-8b16-d4a8924c09d6,,COMPLETED,,,,,
d021138e-e2bd-4931-b9da-a9cf3e3d558e,19407164-3a9b-4a1b-8b16-d4a8924c09d6,,COMPLETED,,,,,
a0b0753e-47f9-4efb-84e9-a7ce93ccb642,9cd97cd7-4df8-4eeb-b4c2-6205b204a04c,,COMPLETED,,,,,
a0b0753e-47f9-4efb-84e9-a7ce93ccb642,9cd97cd7-4df8-4eeb-b4c2-6205b204a04c,,COMPLETED,,,,,
a0b0753e-47f9-4efb-84e9-a7ce93ccb642,9cd97cd7-4df8-4eeb-b4c2-6205b204a04c,,COMPLETED,,,,,
a0b0753e-47f9-4efb-84e9-a7ce93ccb642,9cd97cd7-4df8-4eeb-b4c2-6205b204a04c,,COMPLETED,,,,,
a0b0753e-47f9-4efb-84e9-a7ce93ccb642,9cd97cd7-4df8-4eeb-b4c2-6205b204a04c,,COMPLETED,,,,,
a0b0753e-47f9-4efb-84e9-a7ce93ccb642,9cd97cd7-4df8-4eeb-b4c2-6205b204a04c,,COMPLETED,,,,,
59ccfe49-71d4-4f51-abbf-1d0415ba3f96,8af12123-b2ff-4172-a50a-3665aa7c9ed8,,COMPLETED,,,,,
59ccfe49-71d4-4f51-abbf-1d0415ba3f96,8af12123-b2ff-4172-a50a-3665aa7c9ed8,,COMPLETED,,,,,
e0ecef75-f559-449b-9535-a4cfbc24c982,58c4bf91-4128-4c9f-874d-ad12b8cdce86,,COMPLETED,,,,,
e0ecef75-f559-449b-9535-a4cfbc24c982,58c4bf91-4128-4c9f-874d-ad12b8cdce86,,COMPLETED,,,,,
2f15f90b-5047-46ed-952b-ce7f1638f4d2,80e963fc-fe56-4b37-97d1-7ff822ea3c77,,COMPLETED,,,,,
2f15f90b-5047-46ed-952b-ce7f1638f4d2,80e963fc-fe56-4b37-97d1-7ff822ea3c77,,COMPLETED,,,,,
21d9a57e-edba-45d0-92ee-0fd09ebea0a6,fcdd1073-9e65-447f-b6c3-2b99a38f83c3,,COMPLETED,,,,,
21d9a57e-edba-45d0-92ee-0fd09ebea0a6,fcdd1073-9e65-447f-b6c3-2b99a38f83c3,,COMPLETED,,,,,
21d9a57e-edba-45d0-92ee-0fd09ebea0a6,fcdd1073-9e65-447f-b6c3-2b99a38f83c3,,COMPLETED,,,,,
21d9a57e-edba-45d0-92ee-0fd09ebea0a6,fcdd1073-9e65-447f-b6c3-2b99a38f83c3,,COMPLETED,,,,,
21d9a57e-edba-45d0-92ee-0fd09ebea0a6,fcdd1073-9e65-447f-b6c3-2b99a38f83c3,,COMPLETED,,,,,
59ccfe49-71d4-4f51-abbf-1d0415ba3f96,c208563a-150c-4182-a290-7c1eca83f385,,COMPLETED,,,,,
59ccfe49-71d4-4f51-abbf-1d0415ba3f96,c208563a-150c-4182-a290-7c1eca83f385,,COMPLETED,,,,,
f3c36bae-15aa-4766-99b7-6164730a5864,75aacdd5-aa81-4b59-9698-8fefc13f4922,,COMPLETED,,,,,
f3c36bae-15aa-4766-99b7-6164730a5864,75aacdd5-aa81-4b59-9698-8fefc13f4922,,COMPLETED,,,,,
f3c36bae-15aa-4766-99b7-6164730a5864,75aacdd5-aa81-4b59-9698-8fefc13f4922,,COMPLETED,,,,,
b84ef8aa-1d5d-4534-bd26-67e47ad481ec,28a07865-c81f-4bcb-a429-1db61de3823c,,COMPLETED,,,,,
b84ef8aa-1d5d-4534-bd26-67e47ad481ec,28a07865-c81f-4bcb-a429-1db61de3823c,,COMPLETED,,,,,
b84ef8aa-1d5d-4534-bd26-67e47ad481ec,28a07865-c81f-4bcb-a429-1db61de3823c,,COMPLETED,,,,,
b84ef8aa-1d5d-4534-bd26-67e47ad481ec,28a07865-c81f-4bcb-a429-1db61de3823c,,COMPLETED,,,,,
b84ef8aa-1d5d-4534-bd26-67e47ad481ec,28a07865-c81f-4bcb-a429-1db61de3823c,,COMPLETED,,,,,
24eeb0f9-9e1d-44e9-9532-8482f68dc1a8,a92f07ca-5fcf-4c8b-8f3e-2dcde77a38ac,,COMPLETED,,,,,
24eeb0f9-9e1d-44e9-9532-8482f68dc1a8,a92f07ca-5fcf-4c8b-8f3e-2dcde77a38ac,,COMPLETED,,,,,
24eeb0f9-9e1d-44e9-9532-8482f68dc1a8,a92f07ca-5fcf-4c8b-8f3e-2dcde77a38ac,,COMPLETED,,,,,
e0ecef75-f559-449b-9535-a4cfbc24c982,4dd674d1-8ef7-4479-9e16-16652c8a735e,,COMPLETED,,,,,
e0ecef75-f559-449b-9535-a4cfbc24c982,4dd674d1-8ef7-4479-9e16-16652c8a735e,,COMPLETED,,,,,
3736dfa3-b164-4d62-bd89-53ae46aeb045,,,COMPLETED,,,,,
3736dfa3-b164-4d62-bd89-53ae46aeb045,,,COMPLETED,,,,,
3736dfa3-b164-4d62-bd89-53ae46aeb045,,,COMPLETED,,,,,
3736dfa3-b164-4d62-bd89-53ae46aeb045,,,COMPLETED,,,,,
3736dfa3-b164-4d62-bd89-53ae46aeb045,,,COMPLETED,,,,,
3736dfa3-b164-4d62-bd89-53ae46aeb045,,,COMPLETED,,,,,
bf51e646-5a73-41c5-9584-3184e5092d6e,,,COMPLETED,,,,,
bf51e646-5a73-41c5-9584-3184e5092d6e,,,COMPLETED,,,,,
d3ee22f1-58ba-46a8-a597-a747d81af0f3,,,COMPLETED,,,,,
d3ee22f1-58ba-46a8-a597-a747d81af0f3,,,COMPLETED,,,,,
21d9a57e-edba-45d0-92ee-0fd09ebea0a6,,,COMPLETED,,,,,
21d9a57e-edba-45d0-92ee-0fd09ebea0a6,,,COMPLETED,,,,,
21d9a57e-edba-45d0-92ee-0fd09ebea0a6,,,COMPLETED,,,,,
21d9a57e-edba-45d0-92ee-0fd09ebea0a6,,,COMPLETED,,,,,
21d9a57e-edba-45d0-92ee-0fd09ebea0a6,,,COMPLETED,,,,,
21d9a57e-edba-45d0-92ee-0fd09ebea0a6,,,COMPLETED,,,,,
b84ef8aa-1d5d-4534-bd26-67e47ad481ec,,,COMPLETED,,,,,
b84ef8aa-1d5d-4534-bd26-67e47ad481ec,,,COMPLETED,,,,,
b84ef8aa-1d5d-4534-bd26-67e47ad481ec,,,COMPLETED,,,,,
b84ef8aa-1d5d-4534-bd26-67e47ad481ec,,,COMPLETED,,,,,
485e8bf0-823f-4cb3-b725-cde69420600d,,,COMPLETED,,,,,
485e8bf0-823f-4cb3-b725-cde69420600d,,,COMPLETED,,,,,
485e8bf0-823f-4cb3-b725-cde69420600d,,,COMPLETED,,,,,
a90c3670-7c95-4a86-9854-86cda84287a0,,,COMPLETED,,,,,
a90c3670-7c95-4a86-9854-86cda84287a0,,,COMPLETED,,,,,
a90c3670-7c95-4a86-9854-86cda84287a0,,,COMPLETED,,,,,
1bb0e4b1-c1d4-4035-857a-91006d9a4946,,,COMPLETED,,,,,
1bb0e4b1-c1d4-4035-857a-91006d9a4946,,,COMPLETED,,,,,
1bb0e4b1-c1d4-4035-857a-91006d9a4946,,,COMPLETED,,,,,
8cfe07b0-353a-4df2-8818-90fd5ca77ba4,,,COMPLETED,,,,,
8cfe07b0-353a-4df2-8818-90fd5ca77ba4,,,COMPLETED,,,,,
b84ef8aa-1d5d-4534-bd26-67e47ad481ec,,,COMPLETED,,,,,
b84ef8aa-1d5d-4534-bd26-67e47ad481ec,,,COMPLETED,,,,,
b84ef8aa-1d5d-4534-bd26-67e47ad481ec,,,COMPLETED,,,,,
b84ef8aa-1d5d-4534-bd26-67e47ad481ec,,,COMPLETED,,,,,
21d9a57e-edba-45d0-92ee-0fd09ebea0a6,,,COMPLETED,,,,,
21d9a57e-edba-45d0-92ee-0fd09ebea0a6,,,COMPLETED,,,,,
21d9a57e-edba-45d0-92ee-0fd09ebea0a6,,,COMPLETED,,,,,
21d9a57e-edba-45d0-92ee-0fd09ebea0a6,,,COMPLETED,,,,,
21d9a57e-edba-45d0-92ee-0fd09ebea0a6,,,COMPLETED,,,,,
21d9a57e-edba-45d0-92ee-0fd09ebea0a6,,,COMPLETED,,,,,
90ae28a7-f019-44c6-9267-c9fb86d4492c,,,COMPLETED,,,,,
90ae28a7-f019-44c6-9267-c9fb86d4492c,,,COMPLETED,,,,,
90ae28a7-f019-44c6-9267-c9fb86d4492c,,,COMPLETED,,,,,
e0ecef75-f559-449b-9535-a4cfbc24c982,,,COMPLETED,,,,,
e0ecef75-f559-449b-9535-a4cfbc24c982,,,COMPLETED,,,,,
485e8bf0-823f-4cb3-b725-cde69420600d,,,COMPLETED,,,,,
485e8bf0-823f-4cb3-b725-cde69420600d,,,COMPLETED,,,,,
485e8bf0-823f-4cb3-b725-cde69420600d,,,COMPLETED,,,,,
b84ef8aa-1d5d-4534-bd26-67e47ad481ec,,,COMPLETED,,,,,
b84ef8aa-1d5d-4534-bd26-67e47ad481ec,,,COMPLETED,,,,,
b84ef8aa-1d5d-4534-bd26-67e47ad481ec,,,COMPLETED,,,,,
b84ef8aa-1d5d-4534-bd26-67e47ad481ec,,,COMPLETED,,,,,
a90c3670-7c95-4a86-9854-86cda84287a0,,,COMPLETED,,,,,
a90c3670-7c95-4a86-9854-86cda84287a0,,,COMPLETED,,,,,
a90c3670-7c95-4a86-9854-86cda84287a0,,,RESTAURANT CANCELLED,,,,,
a90c3670-7c95-4a86-9854-86cda84287a0,,,RESTAURANT CANCELLED,,,,,
38dc21a1-963c-4d88-88e6-7a755e87ce91,,,COMPLETED,,,,,
38dc21a1-963c-4d88-88e6-7a755e87ce91,,,COMPLETED,,,,,
805ea552-02c1-40e6-bbc5-ac002286f10e,,,COMPLETED,,,,,
805ea552-02c1-40e6-bbc5-ac002286f10e,,,COMPLETED,,,,,
805ea552-02c1-40e6-bbc5-ac002286f10e,,,COMPLETED,,,,,
805ea552-02c1-40e6-bbc5-ac002286f10e,,,COMPLETED,,,,,
09237a9b-a1f6-4f10-8b44-e7383ea4cc50,,,COMPLETED,,,,,
09237a9b-a1f6-4f10-8b44-e7383ea4cc50,,,COMPLETED,,,,,
272afb90-e903-445a-902d-9573c13756aa,,,COMPLETED,,,,,
272afb90-e903-445a-902d-9573c13756aa,,,COMPLETED,,,,,
f3c36bae-15aa-4766-99b7-6164730a5864,,,COMPLETED,,,,,
f3c36bae-15aa-4766-99b7-6164730a5864,,,COMPLETED,,,,,
f3c36bae-15aa-4766-99b7-6164730a5864,,,COMPLETED,,,,,
5426aec8-8331-46c7-8081-9c01139804e2,,,COMPLETED,,,,,
5426aec8-8331-46c7-8081-9c01139804e2,,,COMPLETED,,,,,
5426aec8-8331-46c7-8081-9c01139804e2,,,COMPLETED,,,,,
5426aec8-8331-46c7-8081-9c01139804e2,,,COMPLETED,,,,,
cc63ba71-6b14-442e-b4f8-abda8d826d88,,,COMPLETED,,,,,
cc63ba71-6b14-442e-b4f8-abda8d826d88,,,COMPLETED,,,,,
e83a69f1-ed1a-42c9-b92b-4f91d819779c,,,COMPLETED,,,,,
e83a69f1-ed1a-42c9-b92b-4f91d819779c,,,COMPLETED,,,,,
e83a69f1-ed1a-42c9-b92b-4f91d819779c,,,COMPLETED,,,,,
e0ecef75-f559-449b-9535-a4cfbc24c982,,,COMPLETED,,,,,
e0ecef75-f559-449b-9535-a4cfbc24c982,,,COMPLETED,,,,,
f57b1537-4ba8-460b-a235-e7e6ca8280c0,,,COMPLETED,,,,,
f57b1537-4ba8-460b-a235-e7e6ca8280c0,,,COMPLETED,,,,,
f57b1537-4ba8-460b-a235-e7e6ca8280c0,,,COMPLETED,,,,,
f57b1537-4ba8-460b-a235-e7e6ca8280c0,,,COMPLETED,,,,,
21d9a57e-edba-45d0-92ee-0fd09ebea0a6,,,COMPLETED,,,,,
21d9a57e-edba-45d0-92ee-0fd09ebea0a6,,,COMPLETED,,,,,
21d9a57e-edba-45d0-92ee-0fd09ebea0a6,,,COMPLETED,,,,,
21d9a57e-edba-45d0-92ee-0fd09ebea0a6,,,COMPLETED,,,,,
21d9a57e-edba-45d0-92ee-0fd09ebea0a6,,,COMPLETED,,,,,
8d6f77c7-dfd8-4370-ad7a-bf1ff6fc2422,,,COMPLETED,,,,,
8d6f77c7-dfd8-4370-ad7a-bf1ff6fc2422,,,COMPLETED,,,,,
6b6d6b64-03dd-43c2-8e16-39ff61765abc,,,RESTAURANT CANCELLED,,,,,
6b6d6b64-03dd-43c2-8e16-39ff61765abc,,,RESTAURANT CANCELLED,,,,,
cc63ba71-6b14-442e-b4f8-abda8d826d88,,,COMPLETED,,,,,
cc63ba71-6b14-442e-b4f8-abda8d826d88,,,COMPLETED,,,,,
4eaf5977-dbd5-418c-978d-638226d7244e,,,COMPLETED,,,,,
4eaf5977-dbd5-418c-978d-638226d7244e,,,COMPLETED,,,,,
4eaf5977-dbd5-418c-978d-638226d7244e,,,COMPLETED,,,,,
e0b4ad3f-a5e4-4808-8184-de603f5e34ee,,,COMPLETED,,,,,
e0b4ad3f-a5e4-4808-8184-de603f5e34ee,,,COMPLETED,,,,,
e0b4ad3f-a5e4-4808-8184-de603f5e34ee,,,COMPLETED,,,,,
e0b4ad3f-a5e4-4808-8184-de603f5e34ee,,,COMPLETED,,,,,
27344866-c56a-4563-9287-386ba69a5bec,,,COMPLETED,,,,,
27344866-c56a-4563-9287-386ba69a5bec,,,COMPLETED,,,,,
27344866-c56a-4563-9287-386ba69a5bec,,,COMPLETED,,,,,
e246763c-1cc0-4b00-b26d-42525b6725df,,,COMPLETED,,,,,
e246763c-1cc0-4b00-b26d-42525b6725df,,,COMPLETED,,,,,
e0ecef75-f559-449b-9535-a4cfbc24c982,,,COMPLETED,,,,,
e0ecef75-f559-449b-9535-a4cfbc24c982,,,COMPLETED,,,,,
b84ef8aa-1d5d-4534-bd26-67e47ad481ec,,,COMPLETED,,,,,
b84ef8aa-1d5d-4534-bd26-67e47ad481ec,,,COMPLETED,,,,,
b84ef8aa-1d5d-4534-bd26-67e47ad481ec,,,COMPLETED,,,,,
b84ef8aa-1d5d-4534-bd26-67e47ad481ec,,,COMPLETED,,,,,
b84ef8aa-1d5d-4534-bd26-67e47ad481ec,,,COMPLETED,,,,,
e83a69f1-ed1a-42c9-b92b-4f91d819779c,,,COMPLETED,,,,,
e83a69f1-ed1a-42c9-b92b-4f91d819779c,,,COMPLETED,,,,,
e83a69f1-ed1a-42c9-b92b-4f91d819779c,,,COMPLETED,,,,,
e0ecef75-f559-449b-9535-a4cfbc24c982,,,COMPLETED,,,,,
e0ecef75-f559-449b-9535-a4cfbc24c982,,,COMPLETED,,,,,
9b7418f4-0df0-4458-8878-857180dbf749,,,COMPLETED,,,,,
9b7418f4-0df0-4458-8878-857180dbf749,,,COMPLETED,,,,,
9b7418f4-0df0-4458-8878-857180dbf749,,,COMPLETED,,,,,
9b7418f4-0df0-4458-8878-857180dbf749,,,COMPLETED,,,,,
89febde7-f669-415a-9766-e800d1de3cc3,,,COMPLETED,,,,,
89febde7-f669-415a-9766-e800d1de3cc3,,,COMPLETED,,,,,
6d0a34ed-3e12-4596-afbc-1341fab0ee80,,,COMPLETED,,,,,
6d0a34ed-3e12-4596-afbc-1341fab0ee80,,,COMPLETED,,,,,
6d0a34ed-3e12-4596-afbc-1341fab0ee80,,,COMPLETED,,,,,
6d0a34ed-3e12-4596-afbc-1341fab0ee80,,,COMPLETED,,,,,
6d0a34ed-3e12-4596-afbc-1341fab0ee80,,,COMPLETED,,,,,
805ea552-02c1-40e6-bbc5-ac002286f10e,,,COMPLETED,,,,,
805ea552-02c1-40e6-bbc5-ac002286f10e,,,COMPLETED,,,,,
805ea552-02c1-40e6-bbc5-ac002286f10e,,,COMPLETED,,,,,
d8834c0a-e674-4750-9594-ca79412cd64f,,,COMPLETED,,,,,
d8834c0a-e674-4750-9594-ca79412cd64f,,,COMPLETED,,,,,
d8834c0a-e674-4750-9594-ca79412cd64f,,,COMPLETED,,,,,
d8834c0a-e674-4750-9594-ca79412cd64f,,,COMPLETED,,,,,
a6e34306-a7ce-43e0-8615-8fb25a1e8553,,,COMPLETED,,,,,
6d0a34ed-3e12-4596-afbc-1341fab0ee80,,,COMPLETED,,,,,
6d0a34ed-3e12-4596-afbc-1341fab0ee80,,,COMPLETED,,,,,
6d0a34ed-3e12-4596-afbc-1341fab0ee80,,,COMPLETED,,,,,
6d0a34ed-3e12-4596-afbc-1341fab0ee80,,,COMPLETED,,,,,
6d0a34ed-3e12-4596-afbc-1341fab0ee80,,,COMPLETED,,,,,
6d0a34ed-3e12-4596-afbc-1341fab0ee80,,,COMPLETED,,,,,
29d53413-1f3b-48cc-ad82-19f2ca928f9a,,,COMPLETED,,,,,
29d53413-1f3b-48cc-ad82-19f2ca928f9a,,,COMPLETED,,,,,
fcb3d274-1994-46ca-8b4b-536afa1a8b37,,,COMPLETED,,,,,
fcb3d274-1994-46ca-8b4b-536afa1a8b37,,,COMPLETED,,,,,
e0ecef75-f559-449b-9535-a4cfbc24c982,,,COMPLETED,,,,,
e0ecef75-f559-449b-9535-a4cfbc24c982,,,COMPLETED,,,,,
9131d2a4-b3e1-41ee-9d82-7f30f4b61f3f,,,COMPLETED,,,,,
9131d2a4-b3e1-41ee-9d82-7f30f4b61f3f,,,COMPLETED,,,,,
9131d2a4-b3e1-41ee-9d82-7f30f4b61f3f,,,COMPLETED,,,,,
686f69bd-1b3c-466a-8bc2-75c006dbff91,,,COMPLETED,,,,,
d8834c0a-e674-4750-9594-ca79412cd64f,,,COMPLETED,,,,,
d8834c0a-e674-4750-9594-ca79412cd64f,,,COMPLETED,,,,,
d8834c0a-e674-4750-9594-ca79412cd64f,,,COMPLETED,,,,,
d8834c0a-e674-4750-9594-ca79412cd64f,,,COMPLETED,,,,,
d8834c0a-e674-4750-9594-ca79412cd64f,,,COMPLETED,,,,,
e0ecef75-f559-449b-9535-a4cfbc24c982,,,COMPLETED,,,,,
e0ecef75-f559-449b-9535-a4cfbc24c982,,,COMPLETED,,,,,
8da36ea8-bf39-4f68-9876-533a138d522e,,,COMPLETED,,,,,
8da36ea8-bf39-4f68-9876-533a138d522e,,,COMPLETED,,,,,
e0ecef75-f559-449b-9535-a4cfbc24c982,,,COMPLETED,,,,,
e0ecef75-f559-449b-9535-a4cfbc24c982,,,COMPLETED,,,,,
0c0d0a29-8da9-4d2c-839b-eddeab44613e,,,COMPLETED,,,,,
0c0d0a29-8da9-4d2c-839b-eddeab44613e,,,COMPLETED,,,,,
0c0d0a29-8da9-4d2c-839b-eddeab44613e,,,COMPLETED,,,,,
896edfa9-d80a-430a-89f3-681061295c9c,,,COMPLETED,,,,,
896edfa9-d80a-430a-89f3-681061295c9c,,,COMPLETED,,,,,
896edfa9-d80a-430a-89f3-681061295c9c,,,COMPLETED,,,,,
805ea552-02c1-40e6-bbc5-ac002286f10e,,,COMPLETED,,,,,
805ea552-02c1-40e6-bbc5-ac002286f10e,,,COMPLETED,,,,,
a7a61bdf-3bbc-41ef-8b25-a8fb53915291,,,COMPLETED,,,,,
a7a61bdf-3bbc-41ef-8b25-a8fb53915291,,,COMPLETED,,,,,
a7a61bdf-3bbc-41ef-8b25-a8fb53915291,,,COMPLETED,,,,,
a7a61bdf-3bbc-41ef-8b25-a8fb53915291,,,COMPLETED,,,,,
d8834c0a-e674-4750-9594-ca79412cd64f,,,COMPLETED,,,,,
d8834c0a-e674-4750-9594-ca79412cd64f,,,COMPLETED,,,,,
d8834c0a-e674-4750-9594-ca79412cd64f,,,COMPLETED,,,,,
d8834c0a-e674-4750-9594-ca79412cd64f,,,COMPLETED,,,,,
d8834c0a-e674-4750-9594-ca79412cd64f,,,COMPLETED,,,,,
d8834c0a-e674-4750-9594-ca79412cd64f,,,COMPLETED,,,,,
19e393a1-ec28-4148-9141-e87b0a53352e,,,COMPLETED,,,,,
19e393a1-ec28-4148-9141-e87b0a53352e,,,COMPLETED,,,,,
19e393a1-ec28-4148-9141-e87b0a53352e,,,COMPLETED,,,,,
e0ecef75-f559-449b-9535-a4cfbc24c982,,,COMPLETED,,,,,
e0ecef75-f559-449b-9535-a4cfbc24c982,,,COMPLETED,,,,,
30425c98-93e9-4c9b-8d44-302c95fd87d8,,,COMPLETED,,,,,
30425c98-93e9-4c9b-8d44-302c95fd87d8,,,COMPLETED,,,,,
30425c98-93e9-4c9b-8d44-302c95fd87d8,,,COMPLETED,,,,,
257b11fc-5a49-438f-8c1e-d0e008269e6e,,,COMPLETED,,,,,
257b11fc-5a49-438f-8c1e-d0e008269e6e,,,COMPLETED,,,,,
257b11fc-5a49-438f-8c1e-d0e008269e6e,,,COMPLETED,,,,,
257b11fc-5a49-438f-8c1e-d0e008269e6e,,,COMPLETED,,,,,
30dfcfa8-1c28-4d0d-a8f7-d672e59cc371,,,COMPLETED,,,,,
30dfcfa8-1c28-4d0d-a8f7-d672e59cc371,,,COMPLETED,,,,,
30dfcfa8-1c28-4d0d-a8f7-d672e59cc371,,,COMPLETED,,,,,
30dfcfa8-1c28-4d0d-a8f7-d672e59cc371,,,COMPLETED,,,,,
a90c3670-7c95-4a86-9854-86cda84287a0,,,COMPLETED,,,,,
a90c3670-7c95-4a86-9854-86cda84287a0,,,COMPLETED,,,,,
6403b726-3398-40ce-a616-165d2da2c32e,,,COMPLETED,,,,,
6403b726-3398-40ce-a616-165d2da2c32e,,,COMPLETED,,,,,
6403b726-3398-40ce-a616-165d2da2c32e,,,COMPLETED,,,,,
6403b726-3398-40ce-a616-165d2da2c32e,,,COMPLETED,,,,,
6403b726-3398-40ce-a616-165d2da2c32e,,,COMPLETED,,,,,
e085c68b-4c41-4841-9a61-71416e053637,,,RESTAURANT CANCELLED,,,,,
e085c68b-4c41-4841-9a61-71416e053637,,,RESTAURANT CANCELLED,,,,,
e085c68b-4c41-4841-9a61-71416e053637,,,RESTAURANT CANCELLED,,,,,
e085c68b-4c41-4841-9a61-71416e053637,,,RESTAURANT CANCELLED,,,,,
e085c68b-4c41-4841-9a61-71416e053637,,,RESTAURANT CANCELLED,,,,,
0c0d0a29-8da9-4d2c-839b-eddeab44613e,,,COMPLETED,,,,,
0c0d0a29-8da9-4d2c-839b-eddeab44613e,,,COMPLETED,,,,,
0c0d0a29-8da9-4d2c-839b-eddeab44613e,,,COMPLETED,,,,,
ecb9eea6-ee82-4cfb-b8f5-c568123ddbfb,,,COMPLETED,,,,,
ecb9eea6-ee82-4cfb-b8f5-c568123ddbfb,,,COMPLETED,,,,,
e0ecef75-f559-449b-9535-a4cfbc24c982,,,COMPLETED,,,,,
e0ecef75-f559-449b-9535-a4cfbc24c982,,,COMPLETED,,,,,
a7a61bdf-3bbc-41ef-8b25-a8fb53915291,,,COMPLETED,,,,,
a7a61bdf-3bbc-41ef-8b25-a8fb53915291,,,COMPLETED,,,,,
e0ecef75-f559-449b-9535-a4cfbc24c982,,,COMPLETED,,,,,
e0ecef75-f559-449b-9535-a4cfbc24c982,,,COMPLETED,,,,,
e0ecef75-f559-449b-9535-a4cfbc24c982,,,COMPLETED,,,,,
e0ecef75-f559-449b-9535-a4cfbc24c982,,,COMPLETED,,,,,
30dfcfa8-1c28-4d0d-a8f7-d672e59cc371,,,COMPLETED,,,,,
30dfcfa8-1c28-4d0d-a8f7-d672e59cc371,,,COMPLETED,,,,,
30dfcfa8-1c28-4d0d-a8f7-d672e59cc371,,,COMPLETED,,,,,
898a363c-f060-4786-bc44-30cfab8719e9,,,RESTAURANT CANCELLED,,,,,
898a363c-f060-4786-bc44-30cfab8719e9,,,RESTAURANT CANCELLED,,,,,
898a363c-f060-4786-bc44-30cfab8719e9,,,RESTAURANT CANCELLED,,,,,
c64e17c7-9f28-478a-ae1a-8661fee88323,,,COMPLETED,,,,,
c64e17c7-9f28-478a-ae1a-8661fee88323,,,COMPLETED,,,,,
c64e17c7-9f28-478a-ae1a-8661fee88323,,,COMPLETED,,,,,
c64e17c7-9f28-478a-ae1a-8661fee88323,,,COMPLETED,,,,,
b084d0fa-4280-4ea4-afd5-a484e93c8642,,,COMPLETED,,,,,
b084d0fa-4280-4ea4-afd5-a484e93c8642,,,COMPLETED,,,,,
b084d0fa-4280-4ea4-afd5-a484e93c8642,,,COMPLETED,,,,,
fcb3d274-1994-46ca-8b4b-536afa1a8b37,,,COMPLETED,,,,,
fcb3d274-1994-46ca-8b4b-536afa1a8b37,,,COMPLETED,,,,,
fcb3d274-1994-46ca-8b4b-536afa1a8b37,,,COMPLETED,,,,,
5d098a61-0e57-4582-88ab-2a297331af96,,,COMPLETED,,,,,
5d098a61-0e57-4582-88ab-2a297331af96,,,COMPLETED,,,,,
5d098a61-0e57-4582-88ab-2a297331af96,,,COMPLETED,,,,,
e0ecef75-f559-449b-9535-a4cfbc24c982,,,COMPLETED,,,,,
e0ecef75-f559-449b-9535-a4cfbc24c982,,,COMPLETED,,,,,
6d0a34ed-3e12-4596-afbc-1341fab0ee80,,,COMPLETED,,,,,
6d0a34ed-3e12-4596-afbc-1341fab0ee80,,,COMPLETED,,,,,
6d0a34ed-3e12-4596-afbc-1341fab0ee80,,,COMPLETED,,,,,
6d0a34ed-3e12-4596-afbc-1341fab0ee80,,,COMPLETED,,,,,
6d0a34ed-3e12-4596-afbc-1341fab0ee80,,,COMPLETED,,,,,
6d0a34ed-3e12-4596-afbc-1341fab0ee80,,,COMPLETED,,,,,
e8c9d729-1b2c-4c97-8250-2246453b2425,,,COMPLETED,,,,,
e8c9d729-1b2c-4c97-8250-2246453b2425,,,COMPLETED,,,,,
e8c9d729-1b2c-4c97-8250-2246453b2425,,,COMPLETED,,,,,
e8c9d729-1b2c-4c97-8250-2246453b2425,,,COMPLETED,,,,,
d8834c0a-e674-4750-9594-ca79412cd64f,,,COMPLETED,,,,,
d8834c0a-e674-4750-9594-ca79412cd64f,,,COMPLETED,,,,,
d8834c0a-e674-4750-9594-ca79412cd64f,,,COMPLETED,,,,,
d8834c0a-e674-4750-9594-ca79412cd64f,,,COMPLETED,,,,,
a7a61bdf-3bbc-41ef-8b25-a8fb53915291,,,COMPLETED,,,,,
a7a61bdf-3bbc-41ef-8b25-a8fb53915291,,,COMPLETED,,,,,
a7a61bdf-3bbc-41ef-8b25-a8fb53915291,,,COMPLETED,,,,,
a7a61bdf-3bbc-41ef-8b25-a8fb53915291,,,COMPLETED,,,,,
f76d2ad3-9e51-4ce2-830a-39a1bb2fe495,,,COMPLETED,,,,,
f76d2ad3-9e51-4ce2-830a-39a1bb2fe495,,,COMPLETED,,,,,
96392ecb-9f5b-4edf-9953-3a2b34da2055,,,COMPLETED,,,,,
96392ecb-9f5b-4edf-9953-3a2b34da2055,,,COMPLETED,,,,,
96392ecb-9f5b-4edf-9953-3a2b34da2055,,,COMPLETED,,,,,
a6e34306-a7ce-43e0-8615-8fb25a1e8553,,,COMPLETED,,,,,
a6e34306-a7ce-43e0-8615-8fb25a1e8553,,,COMPLETED,,,,,
a7a61bdf-3bbc-41ef-8b25-a8fb53915291,,,COMPLETED,,,,,
a7a61bdf-3bbc-41ef-8b25-a8fb53915291,,,COMPLETED,,,,,
a7a61bdf-3bbc-41ef-8b25-a8fb53915291,,,COMPLETED,,,,,
a7a61bdf-3bbc-41ef-8b25-a8fb53915291,,,COMPLETED,,,,,
cef70aa6-a202-407a-b2e0-8dd92e393e12,,,COMPLETED,,,,,
cef70aa6-a202-407a-b2e0-8dd92e393e12,,,COMPLETED,,,,,
cef70aa6-a202-407a-b2e0-8dd92e393e12,,,COMPLETED,,,,,
cef70aa6-a202-407a-b2e0-8dd92e393e12,,,COMPLETED,,,,,
cef70aa6-a202-407a-b2e0-8dd92e393e12,,,COMPLETED,,,,,
f76d2ad3-9e51-4ce2-830a-39a1bb2fe495,,,COMPLETED,,,,,
f76d2ad3-9e51-4ce2-830a-39a1bb2fe495,,,COMPLETED,,,,,
8da36ea8-bf39-4f68-9876-533a138d522e,,,COMPLETED,,,,,
9bdd1239-5d8d-48cf-8f1a-1aca0fb1e095,,,COMPLETED,,,,,
9bdd1239-5d8d-48cf-8f1a-1aca0fb1e095,,,COMPLETED,,,,,
d8834c0a-e674-4750-9594-ca79412cd64f,,,COMPLETED,,,,,
d8834c0a-e674-4750-9594-ca79412cd64f,,,COMPLETED,,,,,
d8834c0a-e674-4750-9594-ca79412cd64f,,,COMPLETED,,,,,
d8834c0a-e674-4750-9594-ca79412cd64f,,,COMPLETED,,,,,
5571697f-8281-4863-830a-4007852d092d,,,COMPLETED,,,,,
04a6bc4e-b276-4615-bc17-afb81834a9a6,,,COMPLETED,,,,,
04a6bc4e-b276-4615-bc17-afb81834a9a6,,,COMPLETED,,,,,
e0ecef75-f559-449b-9535-a4cfbc24c982,,,COMPLETED,,,,,
e0ecef75-f559-449b-9535-a4cfbc24c982,,,COMPLETED,,,,,
4f3cd24f-8db4-4c4b-918f-563b18588e0b,,,COMPLETED,,,,,
7c85b957-892c-422b-86dc-68707eca5ce1,,,COMPLETED,,,,,
4f3cd24f-8db4-4c4b-918f-563b18588e0b,,,COMPLETED,,,,,
5239340b-fa3b-45d0-aa25-ea32a37bd195,,,COMPLETED,,,,,
e0ecef75-f559-449b-9535-a4cfbc24c982,,,COMPLETED,,,,,
e0ecef75-f559-449b-9535-a4cfbc24c982,,,COMPLETED,,,,,
3330d773-c655-4490-95b1-e006bcddcde1,,,COMPLETED,,,,,
3330d773-c655-4490-95b1-e006bcddcde1,,,COMPLETED,,,,,
4d3905d1-9b41-464a-99b4-10973901b13e,,,COMPLETED,,,,,
3d0665a0-1359-4c4d-8e95-3568af1993c3,,,COMPLETED,,,,,
3d0665a0-1359-4c4d-8e95-3568af1993c3,,,COMPLETED,,,,,
4f3cd24f-8db4-4c4b-918f-563b18588e0b,,,COMPLETED,,,,,
6d0a34ed-3e12-4596-afbc-1341fab0ee80,,,COMPLETED,,,,,
6d0a34ed-3e12-4596-afbc-1341fab0ee80,,,COMPLETED,,,,,
6d0a34ed-3e12-4596-afbc-1341fab0ee80,,,COMPLETED,,,,,
6d0a34ed-3e12-4596-afbc-1341fab0ee80,,,COMPLETED,,,,,
6d0a34ed-3e12-4596-afbc-1341fab0ee80,,,COMPLETED,,,,,
f76d2ad3-9e51-4ce2-830a-39a1bb2fe495,,,COMPLETED,,,,,
f76d2ad3-9e51-4ce2-830a-39a1bb2fe495,,,COMPLETED,,,,,
b84ef8aa-1d5d-4534-bd26-67e47ad481ec,,,COMPLETED,,,,,
b84ef8aa-1d5d-4534-bd26-67e47ad481ec,,,COMPLETED,,,,,
b84ef8aa-1d5d-4534-bd26-67e47ad481ec,,,COMPLETED,,,,,
8da36ea8-bf39-4f68-9876-533a138d522e,,,COMPLETED,,,,,
8da36ea8-bf39-4f68-9876-533a138d522e,,,COMPLETED,,,,,
8858e27e-1760-43b3-9f4d-1fe6f3bbed32,,,COMPLETED,,,,,
8858e27e-1760-43b3-9f4d-1fe6f3bbed32,,,COMPLETED,,,,,
b907d314-d027-4044-9e90-843144b9d442,,,COMPLETED,,,,,
b907d314-d027-4044-9e90-843144b9d442,,,COMPLETED,,,,,
4f3cd24f-8db4-4c4b-918f-563b18588e0b,,,COMPLETED,,,,,
4f3cd24f-8db4-4c4b-918f-563b18588e0b,,,COMPLETED,,,,,
173e432f-15b2-45bf-b494-95b7a2964fe0,,,COMPLETED,,,,,
b907d314-d027-4044-9e90-843144b9d442,,,COMPLETED,,,,,
5162a649-9769-43cf-9e1c-bfc23bf4dd61,,,COMPLETED,,,,,
5162a649-9769-43cf-9e1c-bfc23bf4dd61,,,COMPLETED,,,,,
5162a649-9769-43cf-9e1c-bfc23bf4dd61,,,COMPLETED,,,,,
5162a649-9769-43cf-9e1c-bfc23bf4dd61,,,COMPLETED,,,,,
5162a649-9769-43cf-9e1c-bfc23bf4dd61,,,COMPLETED,,,,,
5162a649-9769-43cf-9e1c-bfc23bf4dd61,,,COMPLETED,,,,,
af5124f5-55e9-470a-a9b5-78b0faf946f9,,,COMPLETED,,,,,
af5124f5-55e9-470a-a9b5-78b0faf946f9,,,COMPLETED,,,,,
af5124f5-55e9-470a-a9b5-78b0faf946f9,,,COMPLETED,,,,,
2e3b2e5c-1bdd-47d4-b9bd-e44bf0c983d2,,,COMPLETED,,,,,
2e3b2e5c-1bdd-47d4-b9bd-e44bf0c983d2,,,COMPLETED,,,,,
2e3b2e5c-1bdd-47d4-b9bd-e44bf0c983d2,,,COMPLETED,,,,,
2e3b2e5c-1bdd-47d4-b9bd-e44bf0c983d2,,,COMPLETED,,,,,
d45f4074-b92f-444d-aeb8-7d18946cedc4,,,COMPLETED,,,,,
b05b3eb6-42be-4987-abc2-eace7c016b2a,,,COMPLETED,,,,,
6d0a34ed-3e12-4596-afbc-1341fab0ee80,,,COMPLETED,,,,,
6d0a34ed-3e12-4596-afbc-1341fab0ee80,,,COMPLETED,,,,,
6d0a34ed-3e12-4596-afbc-1341fab0ee80,,,COMPLETED,,,,,
957da3f2-f1d6-49b7-9148-8d1b7bc2558d,,,COMPLETED,,,,,
87772b1d-d35a-45a3-ae9a-767e348feb9d,,,COMPLETED,,,,,
a7a61bdf-3bbc-41ef-8b25-a8fb53915291,,,COMPLETED,,,,,
a7a61bdf-3bbc-41ef-8b25-a8fb53915291,,,COMPLETED,,,,,
a7a61bdf-3bbc-41ef-8b25-a8fb53915291,,,COMPLETED,,,,,
5ec63905-acde-469b-965a-d4dd23225ef2,,,COMPLETED,,,,,
8c3e94f0-19c0-49ec-8f55-3f05ccc99869,,,COMPLETED,,,,,
8c3e94f0-19c0-49ec-8f55-3f05ccc99869,,,COMPLETED,,,,,
8c3e94f0-19c0-49ec-8f55-3f05ccc99869,,,COMPLETED,,,,,
ceedaea2-3c02-4f1d-8879-1588b872fbdd,,,COMPLETED,,,,,
df21dfae-147f-483f-835a-58eed6fedcaa,,,COMPLETED,,,,,
8d17709d-e576-4ec5-bb14-391e4e8dd1b4,,,COMPLETED,,,,,
af65a70b-a041-4882-9afa-53dac1150e0c,,,COMPLETED,,,,,
af65a70b-a041-4882-9afa-53dac1150e0c,,,COMPLETED,,,,,
3330d773-c655-4490-95b1-e006bcddcde1,,,COMPLETED,,,,,
3330d773-c655-4490-95b1-e006bcddcde1,,,COMPLETED,,,,,
3330d773-c655-4490-95b1-e006bcddcde1,,,COMPLETED,,,,,
3330d773-c655-4490-95b1-e006bcddcde1,,,COMPLETED,,,,,
519aa63e-8284-4ce0-94ec-01d3e59f7414,,,COMPLETED,,,,,
614521cf-0d39-44a5-b1f2-b88908322c03,,,COMPLETED,,,,,
614521cf-0d39-44a5-b1f2-b88908322c03,,,COMPLETED,,,,,
8502fc2e-7246-4419-9410-1417091186b0,,,COMPLETED,,,,,
8502fc2e-7246-4419-9410-1417091186b0,,,COMPLETED,,,,,
8502fc2e-7246-4419-9410-1417091186b0,,,COMPLETED,,,,,
519aa63e-8284-4ce0-94ec-01d3e59f7414,,,COMPLETED,,,,,
db65553b-a28c-4daa-beaa-c4f47c21075b,,,COMPLETED,,,,,
c63ddc38-2d73-4cdc-b281-078a9d77de18,,,COMPLETED,,,,,
f3f40230-34d7-4eb3-bf65-78c45e62e5f6,,,COMPLETED,,,,,
b84ef8aa-1d5d-4534-bd26-67e47ad481ec,,,COMPLETED,,,,,
b84ef8aa-1d5d-4534-bd26-67e47ad481ec,,,COMPLETED,,,,,
b84ef8aa-1d5d-4534-bd26-67e47ad481ec,,,COMPLETED,,,,,
b907d314-d027-4044-9e90-843144b9d442,,,COMPLETED,,,,,
5a1dfcda-97b9-4854-ae1f-48b2c4f57bb0,,,COMPLETED,,,,,
5a1dfcda-97b9-4854-ae1f-48b2c4f57bb0,,,COMPLETED,,,,,
8d17709d-e576-4ec5-bb14-391e4e8dd1b4,,,COMPLETED,,,,,
8d17709d-e576-4ec5-bb14-391e4e8dd1b4,,,COMPLETED,,,,,
8d17709d-e576-4ec5-bb14-391e4e8dd1b4,,,COMPLETED,,,,,
3e83993e-325d-4efd-98a7-00148e339eea,,,COMPLETED,,,,,
6a62cbad-4c8d-4e95-b4e9-6965f9ff27c8,,,COMPLETED,,,,,
8d17709d-e576-4ec5-bb14-391e4e8dd1b4,,,COMPLETED,,,,,
6a62cbad-4c8d-4e95-b4e9-6965f9ff27c8,,,COMPLETED,,,,,
8da36ea8-bf39-4f68-9876-533a138d522e,,,COMPLETED,,,,,
ceedaea2-3c02-4f1d-8879-1588b872fbdd,,,COMPLETED,,,,,
a7a61bdf-3bbc-41ef-8b25-a8fb53915291,,,COMPLETED,,,,,
a7a61bdf-3bbc-41ef-8b25-a8fb53915291,,,COMPLETED,,,,,
a7a61bdf-3bbc-41ef-8b25-a8fb53915291,,,COMPLETED,,,,,
29d2aba7-0c3b-49d9-a5f1-c6a5b2642971,,,COMPLETED,,,,,
a6e34306-a7ce-43e0-8615-8fb25a1e8553,,,COMPLETED,,,,,
a6e34306-a7ce-43e0-8615-8fb25a1e8553,,,COMPLETED,,,,,
f76d2ad3-9e51-4ce2-830a-39a1bb2fe495,,,COMPLETED,,,,,
878b566e-8556-48c0-8821-568c618d281f,,,COMPLETED,,,,,
ecb9eea6-ee82-4cfb-b8f5-c568123ddbfb,,,COMPLETED,,,,,
ceedaea2-3c02-4f1d-8879-1588b872fbdd,,,COMPLETED,,,,,
2f63dab8-cdf5-43db-8727-286af494ab78,,,COMPLETED,,,,,
2f63dab8-cdf5-43db-8727-286af494ab78,,,COMPLETED,,,,,
2f63dab8-cdf5-43db-8727-286af494ab78,,,COMPLETED,,,,,
f20555fd-43d7-498c-a632-ea09ab0963b3,,,COMPLETED,,,,,
f20555fd-43d7-498c-a632-ea09ab0963b3,,,COMPLETED,,,,,
2e3b2e5c-1bdd-47d4-b9bd-e44bf0c983d2,,,COMPLETED,,,,,
2bb15e4f-7c92-4aba-b8f9-77a63b75d047,,,COMPLETED,,,,,
8da36ea8-bf39-4f68-9876-533a138d522e,,,COMPLETED,,,,,
81f0df3d-c76e-4bab-a997-379eaea9b580,,,COMPLETED,,,,,
81f0df3d-c76e-4bab-a997-379eaea9b580,,,COMPLETED,,,,,
3330d773-c655-4490-95b1-e006bcddcde1,,,COMPLETED,,,,,
3330d773-c655-4490-95b1-e006bcddcde1,,,COMPLETED,,,,,
3330d773-c655-4490-95b1-e006bcddcde1,,,COMPLETED,,,,,
2d58d5bf-95b0-4c55-95e1-a454b1913eb9,,,COMPLETED,,,,,
b907d314-d027-4044-9e90-843144b9d442,,,COMPLETED,,,,,
db65553b-a28c-4daa-beaa-c4f47c21075b,,,COMPLETED,,,,,
db65553b-a28c-4daa-beaa-c4f47c21075b,,,COMPLETED,,,,,
eb3ee22b-cf20-4205-8c6f-936043fda471,,,COMPLETED,,,,,
eb3ee22b-cf20-4205-8c6f-936043fda471,,,COMPLETED,,,,,
eb3ee22b-cf20-4205-8c6f-936043fda471,,,COMPLETED,,,,,
b84ef8aa-1d5d-4534-bd26-67e47ad481ec,,,COMPLETED,,,,,
b84ef8aa-1d5d-4534-bd26-67e47ad481ec,,,COMPLETED,,,,,
b84ef8aa-1d5d-4534-bd26-67e47ad481ec,,,COMPLETED,,,,,
b84ef8aa-1d5d-4534-bd26-67e47ad481ec,,,COMPLETED,,,,,
35801198-cdf2-4ca4-9be5-710632381b3b,,,COMPLETED,,,,,
35801198-cdf2-4ca4-9be5-710632381b3b,,,COMPLETED,,,,,
81f0df3d-c76e-4bab-a997-379eaea9b580,,,COMPLETED,,,,,
2bb15e4f-7c92-4aba-b8f9-77a63b75d047,,,COMPLETED,,,,,
ba1b4c26-b95e-4eca-a6f9-0e5b09d4fd37,,,COMPLETED,,,,,
ba1b4c26-b95e-4eca-a6f9-0e5b09d4fd37,,,COMPLETED,,,,,
b84ef8aa-1d5d-4534-bd26-67e47ad481ec,,,COMPLETED,,,,,
b84ef8aa-1d5d-4534-bd26-67e47ad481ec,,,COMPLETED,,,,,
b84ef8aa-1d5d-4534-bd26-67e47ad481ec,,,COMPLETED,,,,,
f76d2ad3-9e51-4ce2-830a-39a1bb2fe495,,,COMPLETED,,,,,
f76d2ad3-9e51-4ce2-830a-39a1bb2fe495,,,COMPLETED,,,,,
8502fc2e-7246-4419-9410-1417091186b0,,,COMPLETED,,,,,
8502fc2e-7246-4419-9410-1417091186b0,,,COMPLETED,,,,,
8502fc2e-7246-4419-9410-1417091186b0,,,COMPLETED,,,,,
8502fc2e-7246-4419-9410-1417091186b0,,,COMPLETED,,,,,
8502fc2e-7246-4419-9410-1417091186b0,,,COMPLETED,,,,,
8502fc2e-7246-4419-9410-1417091186b0,,,COMPLETED,,,,,
f76d2ad3-9e51-4ce2-830a-39a1bb2fe495,,,COMPLETED,,,,,
6fafb91d-373d-4b62-a34d-b3e72f2290de,,,COMPLETED,,,,,
ceedaea2-3c02-4f1d-8879-1588b872fbdd,,,COMPLETED,,,,,
8da36ea8-bf39-4f68-9876-533a138d522e,,,COMPLETED,,,,,
1ac87277-f7d2-4597-91bb-8796b125e2cf,,,COMPLETED,,,,,
1ac87277-f7d2-4597-91bb-8796b125e2cf,,,COMPLETED,,,,,
71319225-0bdf-4928-ab09-013f4382ff5f,,,COMPLETED,,,,,
0108549e-8179-4e86-a562-7c027a8db0ba,,,COMPLETED,,,,,
0108549e-8179-4e86-a562-7c027a8db0ba,,,COMPLETED,,,,,
6d0a34ed-3e12-4596-afbc-1341fab0ee80,,,COMPLETED,,,,,
6d0a34ed-3e12-4596-afbc-1341fab0ee80,,,COMPLETED,,,,,
6d0a34ed-3e12-4596-afbc-1341fab0ee80,,,COMPLETED,,,,,
6d0a34ed-3e12-4596-afbc-1341fab0ee80,,,COMPLETED,,,,,
6d0a34ed-3e12-4596-afbc-1341fab0ee80,,,COMPLETED,,,,,
6d0a34ed-3e12-4596-afbc-1341fab0ee80,,,COMPLETED,,,,,
81f0df3d-c76e-4bab-a997-379eaea9b580,,,RESTAURANT CANCELLED,,,,,
81f0df3d-c76e-4bab-a997-379eaea9b580,,,RESTAURANT CANCELLED,,,,,
81f0df3d-c76e-4bab-a997-379eaea9b580,,,RESTAURANT CANCELLED,,,,,
38ead7b0-9884-4f7d-b487-10f3356f707f,,,COMPLETED,,,,,
81f0df3d-c76e-4bab-a997-379eaea9b580,,,COMPLETED,,,,,
81f0df3d-c76e-4bab-a997-379eaea9b580,,,COMPLETED,,,,,
901f9240-bfae-4e72-80f0-f8f17599e723,,,COMPLETED,,,,,
901f9240-bfae-4e72-80f0-f8f17599e723,,,COMPLETED,,,,,
1e624ae8-d535-4f23-8cbc-f8166c112168,,,COMPLETED,,,,,
1e624ae8-d535-4f23-8cbc-f8166c112168,,,COMPLETED,,,,,
a59815ed-851d-4bbd-813b-66b9ef2b6248,,,COMPLETED,,,,,
113f8948-08d9-42e1-b1b5-09100315550f,,,RESTAURANT CANCELLED,,,,,
ccdd2b57-8f26-4797-a87b-70f04c7398ca,,,COMPLETED,,,,,
a59815ed-851d-4bbd-813b-66b9ef2b6248,,,COMPLETED,,,,,
a59815ed-851d-4bbd-813b-66b9ef2b6248,,,COMPLETED,,,,,
a59815ed-851d-4bbd-813b-66b9ef2b6248,,,COMPLETED,,,,,
a59815ed-851d-4bbd-813b-66b9ef2b6248,,,COMPLETED,,,,,
8dee2fc5-e3a6-4154-90c4-4154152eebdf,,,COMPLETED,,,,,
8dee2fc5-e3a6-4154-90c4-4154152eebdf,,,COMPLETED,,,,,
8dee2fc5-e3a6-4154-90c4-4154152eebdf,,,COMPLETED,,,,,
8dee2fc5-e3a6-4154-90c4-4154152eebdf,,,COMPLETED,,,,,
8dee2fc5-e3a6-4154-90c4-4154152eebdf,,,COMPLETED,,,,,
2f63dab8-cdf5-43db-8727-286af494ab78,,,COMPLETED,,,,,
c2ad35b7-a86c-49be-b0f3-64bfc9c26a13,,,COMPLETED,,,,,
c2ad35b7-a86c-49be-b0f3-64bfc9c26a13,,,COMPLETED,,,,,
ea73d544-355c-4e16-8872-785e3b6c197b,,,COMPLETED,,,,,
e9357433-4313-43ef-9a82-dc18bf9c56df,,,COMPLETED,,,,,
e9357433-4313-43ef-9a82-dc18bf9c56df,,,COMPLETED,,,,,
27287398-a50a-465d-a886-2bbeb13aacac,,,COMPLETED,,,,,
27287398-a50a-465d-a886-2bbeb13aacac,,,COMPLETED,,,,,
81f0df3d-c76e-4bab-a997-379eaea9b580,,,COMPLETED,,,,,
81f0df3d-c76e-4bab-a997-379eaea9b580,,,COMPLETED,,,,,
861319a2-523a-4ae0-ba62-1fa3942d497b,,,COMPLETED,,,,,
901f9240-bfae-4e72-80f0-f8f17599e723,,,COMPLETED,,,,,
ea73d544-355c-4e16-8872-785e3b6c197b,,,COMPLETED,,,,,
7181f848-7d9e-4ff7-8800-fcd85a1d0453,,,COMPLETED,,,,,
5b3de36e-972a-45fb-a13c-9910f950c84f,,,COMPLETED,,,,,
5b3de36e-972a-45fb-a13c-9910f950c84f,,,COMPLETED,,,,,
355ccfd0-4892-49c9-834c-f4ad8f1e5a95,,,COMPLETED,,,,,
355ccfd0-4892-49c9-834c-f4ad8f1e5a95,,,COMPLETED,,,,,
355ccfd0-4892-49c9-834c-f4ad8f1e5a95,,,COMPLETED,,,,,
355ccfd0-4892-49c9-834c-f4ad8f1e5a95,,,COMPLETED,,,,,
60e752de-24ef-4245-bbe7-321b3813f373,,,RESTAURANT CANCELLED,,,,,
60e752de-24ef-4245-bbe7-321b3813f373,,,RESTAURANT CANCELLED,,,,,
60e752de-24ef-4245-bbe7-321b3813f373,,,RESTAURANT CANCELLED,,,,,
60e752de-24ef-4245-bbe7-321b3813f373,,,RESTAURANT CANCELLED,,,,,
76158dd6-31e9-4be8-b05d-42f43ef1d91b,,,COMPLETED,,,,,
8dee2fc5-e3a6-4154-90c4-4154152eebdf,,,COMPLETED,,,,,
8dee2fc5-e3a6-4154-90c4-4154152eebdf,,,COMPLETED,,,,,
35fe8c90-3e12-4ec5-9725-722a1efc52dc,,,COMPLETED,,,,,
35fe8c90-3e12-4ec5-9725-722a1efc52dc,,,COMPLETED,,,,,
35fe8c90-3e12-4ec5-9725-722a1efc52dc,,,COMPLETED,,,,,
54ec6989-4980-4a1f-8177-24ba7550c723,,,COMPLETED,,,,,
28ac430b-a9e2-4204-a264-9146200a4591,,,COMPLETED,,,,,
28ac430b-a9e2-4204-a264-9146200a4591,,,COMPLETED,,,,,
5b3de36e-972a-45fb-a13c-9910f950c84f,,,COMPLETED,,,,,
49c88886-9f90-400f-9b3b-827c64893ec7,,,COMPLETED,,,,,
2f63dab8-cdf5-43db-8727-286af494ab78,,,COMPLETED,,,,,
2f63dab8-cdf5-43db-8727-286af494ab78,,,COMPLETED,,,,,
76158dd6-31e9-4be8-b05d-42f43ef1d91b,,,COMPLETED,,,,,
76158dd6-31e9-4be8-b05d-42f43ef1d91b,,,COMPLETED,,,,,
cf455eab-7dc8-4f1f-82b7-356c83fb4f18,,,COMPLETED,,,,,
cf455eab-7dc8-4f1f-82b7-356c83fb4f18,,,COMPLETED,,,,,
cf455eab-7dc8-4f1f-82b7-356c83fb4f18,,,COMPLETED,,,,,
2bb15e4f-7c92-4aba-b8f9-77a63b75d047,,,UNKNOWN,,,,,
d15e2b95-bf7c-41f3-a4e7-23578934dc6f,,,UNKNOWN,,,,,
1c5d4eb1-9360-411f-b98c-c4dec59a8c61,,,COMPLETED,Falafel Wrap Box | $11.98,,,,
191b6808-82bc-4e21-ae75-3199c00b114b,,,COMPLETED,Yellowtail | $7.00,,,,
191b6808-82bc-4e21-ae75-3199c00b114b,,,COMPLETED,Veggies | $3.00,,,,
191b6808-82bc-4e21-ae75-3199c00b114b,,,COMPLETED,Crispy Chicken Basil | $15.00,,,,
21300bae-8ac1-4843-b7f1-50d1b1ee9580,,,COMPLETED,Avacado Roll | $5.50,,,,
21300bae-8ac1-4843-b7f1-50d1b1ee9580,,,COMPLETED,Chicken Teriyaki Noodles | $10.50,,,,
4023d745-d2ad-4ecd-816e-d6ca812409db,,,COMPLETED,Medium Classic Pepperoni | $10.00,,,,
1c5d4eb1-9360-411f-b98c-c4dec59a8c61,,,COMPLETED,Falafel Wrap Box | $12.48,,,,
4bae3370-c3cb-450f-ab1b-31dd45d905b0,,,EATER CANCELLED,Mughlai Paratha | $5.00,,,,
4bae3370-c3cb-450f-ab1b-31dd45d905b0,,,EATER CANCELLED,Goat Curry | $8.00,,,,
7cb786a0-6c08-4aa9-98e0-f0e0a1ace55a,,,COMPLETED,Sliced Brisket Sandwich | $9.99,,,,
7cb786a0-6c08-4aa9-98e0-f0e0a1ace55a,,,COMPLETED,Tangy Slaw | $2.29,,,,
38ead7b0-9884-4f7d-b487-10f3356f707f,,,COMPLETED,8'' Chicken and Steak Sub | $8.99,,,,
71a6f210-5844-4a60-bdc0-88825f81ff44,,,COMPLETED,Lamb and Beef Gyros | $11.50,,,,
e101626d-b0d8-415d-8e53-5ffa2c84a7ed,,,COMPLETED,Steak and Cheese | $10.99,,,,
e101626d-b0d8-415d-8e53-5ffa2c84a7ed,,,COMPLETED,Chicken and Steak Sandwich | $10.99,,,,
e101626d-b0d8-415d-8e53-5ffa2c84a7ed,,,COMPLETED,Chicken and Steak Sandwich | $10.99,,,,
89d0a7ab-ad23-4580-a386-3a555b584b02,,,COMPLETED,Falafel Sandwich | $6.99,,,,
89d0a7ab-ad23-4580-a386-3a555b584b02,,,COMPLETED,Hummus | $3.49,,,,
e101626d-b0d8-415d-8e53-5ffa2c84a7ed,,,COMPLETED,Steak and Cheese | $10.99,,,,